Order_ID,Order_Date,Customer_ID,Product,Category,Quantity,Unit_Price,Discount,Sales,Cost,Profit,State,City,Payment_Method,Order_Status,Customer_Segment
ORD100001,2025-02-22,CUST1280,T-Shirt,Fashion,3,900,0.0,2700.0,1752.59,947.41,Delhi,New Delhi,UPI,Returned,Corporate
ORD100002,2025-01-14,CUST1288,Laptop,Electronics,2,55000,0.0,110000.0,78229.6,31770.4,Uttar Pradesh,Lucknow,Credit Card,Returned,Corporate
ORD100003,2025-06-24,CUST1143,Smartwatch,Electronics,1,5000,0.0,5000.0,3767.95,1232.05,Tamil Nadu,Coimbatore,Credit Card,Delivered,Corporate
ORD100004,2025-11-06,CUST1136,Smartphone,Electronics,1,25000,0.05,23750.0,19661.22,4088.78,Delhi,Delhi,UPI,Cancelled,Small Business
ORD100005,2025-11-13,CUST1186,Smartphone,Electronics,5,25000,0.05,118750.0,97808.63,20941.37,West Bengal,Kolkata,Net Banking,Delivered,Small Business
ORD100006,2025-02-21,CUST1195,Smartphone,Electronics,3,25000,0.0,75000.0,59112.74,15887.26,Uttar Pradesh,Azamgarh,Debit Card,Cancelled,Small Business
ORD100007,2025-05-17,CUST1037,Mixer Grinder,Home Appliances,3,3800,0.05,10830.0,7365.44,3464.56,Rajasthan,Jaipur,Net Banking,Delivered,Small Business
ORD100008,2025-11-24,CUST1286,Jeans,Fashion,4,1800,0.1,6480.0,4747.6,1732.4,Karnataka,Bengaluru,Credit Card,Delivered,Consumer
ORD100009,2025-10-18,CUST1162,Smartwatch,Electronics,4,5000,0.05,19000.0,12291.23,6708.77,Uttar Pradesh,Varanasi,Credit Card,Cancelled,Corporate
ORD100010,2025-10-15,CUST1276,Air Fryer,Home Appliances,3,6500,0.0,19500.0,12758.03,6741.97,Tamil Nadu,Chennai,Debit Card,Returned,Corporate
ORD100011,2025-03-12,CUST1261,Air Fryer,Home Appliances,3,6500,0.0,19500.0,15978.53,3521.47,Bihar,Gaya,Cash on Delivery,Delivered,Consumer
ORD100012,2025-02-02,CUST1198,Mixer Grinder,Home Appliances,2,3800,0.2,6080.0,5265.85,814.15,Delhi,New Delhi,Cash on Delivery,Returned,Corporate
ORD100013,2025-05-17,CUST1175,Backpack,Bags,1,1800,0.2,1440.0,1430.38,9.62,Gujarat,Ahmedabad,UPI,Delivered,Corporate
ORD100014,2025-09-17,CUST1055,Headphones,Electronics,3,2500,0.15,6375.0,5757.24,617.76,Tamil Nadu,Chennai,Debit Card,Returned,Small Business
ORD100015,2025-09-29,CUST1001,Smartwatch,Electronics,2,5000,0.15,8500.0,8097.7,402.3,Maharashtra,Pune,Net Banking,Delivered,Corporate
ORD100016,2025-10-18,CUST1041,Laptop,Electronics,3,55000,0.0,165000.0,101102.68,63897.32,Delhi,Delhi,UPI,Cancelled,Consumer
ORD100017,2025-10-09,CUST1085,Coffee Maker,Home Appliances,2,4500,0.2,7200.0,6341.06,858.94,Telangana,Hyderabad,Debit Card,Returned,Small Business
ORD100018,2025-11-29,CUST1192,Office Chair,Furniture,3,8500,0.1,22950.0,20882.79,2067.21,Karnataka,Bengaluru,Cash on Delivery,Returned,Corporate
ORD100019,2025-10-11,CUST1118,Smartphone,Electronics,1,25000,0.05,23750.0,15115.69,8634.31,Karnataka,Bengaluru,Net Banking,Delivered,Consumer
ORD100020,2025-02-06,CUST1264,Smartphone,Electronics,1,25000,0.0,25000.0,19727.99,5272.01,Uttar Pradesh,Azamgarh,Credit Card,Delivered,Small Business
ORD100021,2025-08-31,CUST1209,Desk,Furniture,5,6500,0.15,27625.0,22879.6,4745.4,Karnataka,Bengaluru,Credit Card,Delivered,Consumer
ORD100022,2025-01-28,CUST1051,T-Shirt,Fashion,4,900,0.1,3240.0,2529.88,710.12,West Bengal,Durgapur,UPI,Cancelled,Small Business
ORD100023,2025-03-13,CUST1217,Mouse,Accessories,2,900,0.0,1800.0,1292.37,507.63,Delhi,New Delhi,Credit Card,Delivered,Corporate
ORD100024,2025-10-04,CUST1008,Smartwatch,Electronics,5,5000,0.0,25000.0,15278.24,9721.76,Delhi,Delhi,UPI,Delivered,Consumer
ORD100025,2025-03-26,CUST1195,Office Chair,Furniture,2,8500,0.1,15300.0,13575.14,1724.86,Tamil Nadu,Coimbatore,UPI,Cancelled,Corporate
ORD100026,2025-10-12,CUST1250,Air Fryer,Home Appliances,4,6500,0.2,20800.0,21075.86,-275.86,Tamil Nadu,Coimbatore,Credit Card,Delivered,Corporate
ORD100027,2025-09-02,CUST1258,Smartwatch,Electronics,3,5000,0.0,15000.0,9165.47,5834.53,Uttar Pradesh,Lucknow,Net Banking,Delivered,Consumer
ORD100028,2025-05-01,CUST1207,Backpack,Bags,1,1800,0.15,1530.0,1106.91,423.09,Delhi,New Delhi,UPI,Returned,Consumer
ORD100029,2025-10-26,CUST1290,Shoes,Fashion,5,3200,0.0,16000.0,11075.67,4924.33,Bihar,Patna,Net Banking,Delivered,Corporate
ORD100030,2025-11-27,CUST1154,Smartwatch,Electronics,3,5000,0.1,13500.0,9431.9,4068.1,Rajasthan,Jaipur,Cash on Delivery,Delivered,Consumer
ORD100031,2025-05-16,CUST1068,Laptop,Electronics,1,55000,0.15,46750.0,35579.17,11170.83,Tamil Nadu,Chennai,Debit Card,Delivered,Consumer
ORD100032,2025-11-10,CUST1271,Mouse,Accessories,4,900,0.15,3060.0,2717.2,342.8,Gujarat,Ahmedabad,UPI,Returned,Corporate
ORD100033,2025-10-11,CUST1080,Air Fryer,Home Appliances,3,6500,0.0,19500.0,15516.87,3983.13,Delhi,New Delhi,Debit Card,Delivered,Small Business
ORD100034,2025-01-27,CUST1048,Smartwatch,Electronics,3,5000,0.15,12750.0,10612.16,2137.84,Rajasthan,Jaipur,Cash on Delivery,Delivered,Consumer
ORD100035,2025-10-10,CUST1219,Laptop,Electronics,3,55000,0.0,165000.0,125906.68,39093.32,Rajasthan,Jaipur,Net Banking,Delivered,Consumer
ORD100036,2025-03-17,CUST1221,Smartphone,Electronics,1,25000,0.05,23750.0,18203.8,5546.2,Maharashtra,Nagpur,Credit Card,Delivered,Corporate
ORD100037,2025-02-22,CUST1182,Mouse,Accessories,2,900,0.2,1440.0,1178.81,261.19,Uttar Pradesh,Varanasi,Net Banking,Cancelled,Small Business
ORD100038,2025-01-13,CUST1092,Jeans,Fashion,2,1800,0.0,3600.0,2858.08,741.92,Maharashtra,Mumbai,Debit Card,Cancelled,Small Business
ORD100039,2025-01-20,CUST1241,Mixer Grinder,Home Appliances,2,3800,0.2,6080.0,4740.74,1339.26,Karnataka,Mysuru,Credit Card,Delivered,Corporate
ORD100040,2025-07-24,CUST1169,Mouse,Accessories,2,900,0.0,1800.0,1341.37,458.63,Gujarat,Ahmedabad,Debit Card,Delivered,Corporate
ORD100041,2025-03-01,CUST1134,Mouse,Accessories,5,900,0.05,4275.0,3629.84,645.16,Telangana,Warangal,Credit Card,Returned,Corporate
ORD100042,2025-08-12,CUST1262,Laptop,Electronics,3,55000,0.2,132000.0,127547.34,4452.66,Delhi,Delhi,UPI,Cancelled,Small Business
ORD100043,2025-10-03,CUST1101,Smartwatch,Electronics,4,5000,0.0,20000.0,14287.65,5712.35,Gujarat,Ahmedabad,Debit Card,Cancelled,Consumer
ORD100044,2025-09-17,CUST1159,T-Shirt,Fashion,1,900,0.2,720.0,718.21,1.79,Rajasthan,Jodhpur,Cash on Delivery,Delivered,Corporate
ORD100045,2025-07-14,CUST1090,Jeans,Fashion,2,1800,0.1,3240.0,2686.62,553.38,Gujarat,Ahmedabad,Net Banking,Returned,Corporate
ORD100046,2025-10-24,CUST1165,Office Chair,Furniture,3,8500,0.05,24225.0,16479.12,7745.88,Telangana,Hyderabad,Cash on Delivery,Cancelled,Corporate
ORD100047,2025-09-21,CUST1172,T-Shirt,Fashion,2,900,0.2,1440.0,1113.58,326.42,Karnataka,Mysuru,UPI,Delivered,Small Business
ORD100048,2025-09-01,CUST1038,Keyboard,Accessories,2,1800,0.0,3600.0,2196.6,1403.4,Karnataka,Bengaluru,Cash on Delivery,Cancelled,Small Business
ORD100049,2025-12-02,CUST1003,Shoes,Fashion,4,3200,0.1,11520.0,8367.06,3152.94,Karnataka,Mysuru,UPI,Cancelled,Consumer
ORD100050,2025-03-04,CUST1234,Headphones,Electronics,1,2500,0.15,2125.0,1637.06,487.94,Telangana,Warangal,Credit Card,Cancelled,Small Business
ORD100051,2025-09-16,CUST1219,Backpack,Bags,4,1800,0.15,6120.0,5610.97,509.03,Telangana,Warangal,Net Banking,Cancelled,Consumer
ORD100052,2025-05-22,CUST1267,Jeans,Fashion,3,1800,0.0,5400.0,4237.76,1162.24,Tamil Nadu,Coimbatore,Cash on Delivery,Delivered,Corporate
ORD100053,2025-10-04,CUST1042,Desk,Furniture,2,6500,0.05,12350.0,8760.52,3589.48,Delhi,Delhi,Credit Card,Delivered,Consumer
ORD100054,2025-06-19,CUST1278,Office Chair,Furniture,2,8500,0.0,17000.0,11751.61,5248.39,Maharashtra,Nagpur,Cash on Delivery,Cancelled,Consumer
ORD100055,2025-10-22,CUST1195,Smartwatch,Electronics,5,5000,0.2,20000.0,15107.43,4892.57,West Bengal,Durgapur,Cash on Delivery,Delivered,Corporate
ORD100056,2025-11-05,CUST1113,Keyboard,Accessories,5,1800,0.2,7200.0,6854.58,345.42,West Bengal,Durgapur,Cash on Delivery,Delivered,Corporate
ORD100057,2025-07-27,CUST1085,Office Chair,Furniture,4,8500,0.05,32300.0,25403.17,6896.83,Tamil Nadu,Chennai,Cash on Delivery,Delivered,Small Business
ORD100058,2025-02-12,CUST1220,Backpack,Bags,5,1800,0.15,7650.0,6712.74,937.26,Uttar Pradesh,Kanpur,Credit Card,Cancelled,Consumer
ORD100059,2025-06-22,CUST1195,Laptop,Electronics,3,55000,0.0,165000.0,115505.59,49494.41,Gujarat,Surat,Debit Card,Cancelled,Corporate
ORD100060,2025-06-29,CUST1115,Mixer Grinder,Home Appliances,1,3800,0.2,3040.0,2730.95,309.05,Delhi,Delhi,UPI,Delivered,Consumer
ORD100061,2025-08-31,CUST1059,Smartwatch,Electronics,5,5000,0.0,25000.0,16312.0,8688.0,Karnataka,Bengaluru,Net Banking,Delivered,Corporate
ORD100062,2025-02-28,CUST1084,Jeans,Fashion,2,1800,0.15,3060.0,2640.94,419.06,Gujarat,Surat,Debit Card,Delivered,Small Business
ORD100063,2025-10-31,CUST1125,Laptop,Electronics,4,55000,0.2,176000.0,141599.16,34400.84,Gujarat,Surat,UPI,Delivered,Small Business
ORD100064,2025-07-09,CUST1036,Shoes,Fashion,3,3200,0.15,8160.0,6664.73,1495.27,Delhi,New Delhi,Net Banking,Delivered,Consumer
ORD100065,2025-11-22,CUST1236,Mixer Grinder,Home Appliances,1,3800,0.1,3420.0,3083.22,336.78,West Bengal,Durgapur,Credit Card,Cancelled,Consumer
ORD100066,2025-08-27,CUST1224,Jeans,Fashion,5,1800,0.15,7650.0,6933.79,716.21,Telangana,Warangal,Net Banking,Delivered,Corporate
ORD100067,2025-08-26,CUST1292,Mixer Grinder,Home Appliances,3,3800,0.1,10260.0,7451.61,2808.39,Karnataka,Bengaluru,Net Banking,Cancelled,Corporate
ORD100068,2025-05-13,CUST1175,Laptop,Electronics,2,55000,0.1,99000.0,71133.3,27866.7,Tamil Nadu,Coimbatore,Debit Card,Returned,Small Business
ORD100069,2025-07-28,CUST1251,Air Fryer,Home Appliances,5,6500,0.0,32500.0,20112.13,12387.87,Gujarat,Ahmedabad,Net Banking,Delivered,Small Business
ORD100070,2025-07-27,CUST1125,Desk,Furniture,1,6500,0.0,6500.0,4320.76,2179.24,Tamil Nadu,Coimbatore,Debit Card,Returned,Corporate
ORD100071,2025-06-30,CUST1233,Desk,Furniture,4,6500,0.2,20800.0,18748.22,2051.78,Telangana,Warangal,Debit Card,Delivered,Corporate
ORD100072,2025-12-20,CUST1095,Smartwatch,Electronics,3,5000,0.0,15000.0,11451.51,3548.49,Delhi,New Delhi,Credit Card,Delivered,Small Business
ORD100073,2025-07-04,CUST1092,Desk,Furniture,1,6500,0.0,6500.0,4323.63,2176.37,Gujarat,Surat,Debit Card,Delivered,Small Business
ORD100074,2025-12-24,CUST1065,Backpack,Bags,1,1800,0.0,1800.0,1299.13,500.87,Maharashtra,Pune,Cash on Delivery,Delivered,Consumer
ORD100075,2025-01-27,CUST1130,Shoes,Fashion,4,3200,0.1,11520.0,8639.43,2880.57,Gujarat,Surat,Cash on Delivery,Delivered,Consumer
ORD100076,2025-03-19,CUST1077,Office Chair,Furniture,5,8500,0.2,34000.0,31918.32,2081.68,Tamil Nadu,Chennai,Net Banking,Delivered,Consumer
ORD100077,2025-04-26,CUST1268,Smartwatch,Electronics,5,5000,0.15,21250.0,19349.07,1900.93,Delhi,Delhi,Cash on Delivery,Cancelled,Corporate
ORD100078,2025-11-09,CUST1051,Keyboard,Accessories,3,1800,0.15,4590.0,3977.78,612.22,Bihar,Gaya,Credit Card,Delivered,Corporate
ORD100079,2025-03-22,CUST1002,T-Shirt,Fashion,2,900,0.0,1800.0,1298.59,501.41,Delhi,New Delhi,Cash on Delivery,Cancelled,Small Business
ORD100080,2025-05-25,CUST1233,Shoes,Fashion,1,3200,0.0,3200.0,2122.83,1077.17,Tamil Nadu,Coimbatore,UPI,Delivered,Corporate
ORD100081,2025-11-28,CUST1077,Coffee Maker,Home Appliances,4,4500,0.0,18000.0,12956.47,5043.53,Bihar,Patna,Debit Card,Delivered,Consumer
ORD100082,2025-05-28,CUST1225,Laptop,Electronics,5,55000,0.2,220000.0,214866.54,5133.46,Maharashtra,Pune,UPI,Cancelled,Small Business
ORD100083,2025-02-11,CUST1021,Keyboard,Accessories,5,1800,0.15,7650.0,6377.71,1272.29,West Bengal,Durgapur,Cash on Delivery,Delivered,Small Business
ORD100084,2025-10-22,CUST1011,Keyboard,Accessories,2,1800,0.2,2880.0,2822.08,57.92,Uttar Pradesh,Lucknow,Debit Card,Returned,Consumer
ORD100085,2025-05-23,CUST1093,Coffee Maker,Home Appliances,5,4500,0.2,18000.0,15689.04,2310.96,Maharashtra,Pune,Net Banking,Cancelled,Small Business
ORD100086,2025-06-14,CUST1054,Mixer Grinder,Home Appliances,4,3800,0.05,14440.0,10485.52,3954.48,Tamil Nadu,Chennai,Credit Card,Delivered,Corporate
ORD100087,2025-02-15,CUST1162,Jeans,Fashion,4,1800,0.15,6120.0,4378.13,1741.87,Tamil Nadu,Coimbatore,Debit Card,Delivered,Consumer
ORD100088,2025-04-07,CUST1266,Coffee Maker,Home Appliances,5,4500,0.1,20250.0,15545.58,4704.42,West Bengal,Kolkata,Debit Card,Returned,Corporate
ORD100089,2025-05-28,CUST1225,T-Shirt,Fashion,2,900,0.05,1710.0,1297.49,412.51,Tamil Nadu,Chennai,Cash on Delivery,Delivered,Consumer
ORD100090,2025-10-10,CUST1209,T-Shirt,Fashion,2,900,0.05,1710.0,1298.13,411.87,Bihar,Patna,UPI,Delivered,Consumer
ORD100091,2025-12-28,CUST1140,Desk,Furniture,4,6500,0.2,20800.0,17269.45,3530.55,Delhi,New Delhi,Cash on Delivery,Cancelled,Corporate
ORD100092,2025-09-18,CUST1070,Smartwatch,Electronics,4,5000,0.0,20000.0,16056.22,3943.78,Tamil Nadu,Chennai,UPI,Delivered,Corporate
ORD100093,2025-10-28,CUST1297,Mouse,Accessories,1,900,0.05,855.0,683.76,171.24,Telangana,Warangal,Cash on Delivery,Delivered,Corporate
ORD100094,2025-07-13,CUST1234,Backpack,Bags,3,1800,0.15,4590.0,4146.29,443.71,Tamil Nadu,Coimbatore,Debit Card,Delivered,Small Business
ORD100095,2025-08-31,CUST1196,Smartwatch,Electronics,2,5000,0.1,9000.0,6096.02,2903.98,Bihar,Gaya,Cash on Delivery,Delivered,Corporate
ORD100096,2025-08-14,CUST1052,Laptop,Electronics,5,55000,0.05,261250.0,217616.87,43633.13,Maharashtra,Nagpur,Net Banking,Cancelled,Consumer
ORD100097,2025-05-16,CUST1174,Jeans,Fashion,2,1800,0.0,3600.0,2531.84,1068.16,Maharashtra,Pune,Net Banking,Cancelled,Small Business
ORD100098,2025-09-07,CUST1278,Smartphone,Electronics,3,25000,0.2,60000.0,56858.84,3141.16,Rajasthan,Jodhpur,UPI,Returned,Consumer
ORD100099,2025-11-21,CUST1052,Smartwatch,Electronics,1,5000,0.1,4500.0,4076.17,423.83,Gujarat,Ahmedabad,Cash on Delivery,Delivered,Small Business
ORD100100,2025-07-11,CUST1221,Keyboard,Accessories,3,1800,0.0,5400.0,3588.52,1811.48,Uttar Pradesh,Lucknow,Credit Card,Delivered,Small Business
ORD100101,2025-07-15,CUST1124,Office Chair,Furniture,2,8500,0.0,17000.0,10495.34,6504.66,Bihar,Patna,Cash on Delivery,Returned,Consumer
ORD100102,2025-08-27,CUST1148,Smartwatch,Electronics,4,5000,0.05,19000.0,14934.1,4065.9,Tamil Nadu,Coimbatore,Net Banking,Delivered,Consumer
ORD100103,2025-06-04,CUST1102,Desk,Furniture,4,6500,0.2,20800.0,17030.56,3769.44,Rajasthan,Jodhpur,Cash on Delivery,Cancelled,Consumer
ORD100104,2025-06-01,CUST1012,Smartwatch,Electronics,5,5000,0.05,23750.0,20459.81,3290.19,West Bengal,Durgapur,Cash on Delivery,Delivered,Consumer
ORD100105,2025-06-30,CUST1113,Shoes,Fashion,3,3200,0.0,9600.0,7042.12,2557.88,Uttar Pradesh,Kanpur,Credit Card,Returned,Corporate
ORD100106,2025-06-08,CUST1226,T-Shirt,Fashion,1,900,0.2,720.0,667.98,52.02,Maharashtra,Nagpur,UPI,Returned,Corporate
ORD100107,2025-03-31,CUST1103,Jeans,Fashion,3,1800,0.05,5130.0,4128.01,1001.99,Maharashtra,Mumbai,Credit Card,Returned,Corporate
ORD100108,2025-09-04,CUST1152,Backpack,Bags,2,1800,0.05,3420.0,2883.93,536.07,Telangana,Warangal,Debit Card,Delivered,Corporate
ORD100109,2025-07-22,CUST1008,Smartphone,Electronics,4,25000,0.15,85000.0,68047.05,16952.95,Maharashtra,Mumbai,Debit Card,Returned,Consumer
ORD100110,2025-07-10,CUST1056,Desk,Furniture,5,6500,0.1,29250.0,25380.28,3869.72,Rajasthan,Jodhpur,Credit Card,Cancelled,Consumer
ORD100111,2025-11-22,CUST1238,Shoes,Fashion,5,3200,0.0,16000.0,11879.74,4120.26,Telangana,Warangal,Debit Card,Cancelled,Consumer
ORD100112,2025-05-01,CUST1276,Headphones,Electronics,3,2500,0.1,6750.0,4691.6,2058.4,Uttar Pradesh,Lucknow,Credit Card,Cancelled,Corporate
ORD100113,2025-08-01,CUST1051,Mouse,Accessories,5,900,0.2,3600.0,3419.33,180.67,Telangana,Warangal,Cash on Delivery,Returned,Corporate
ORD100114,2025-05-01,CUST1186,Keyboard,Accessories,2,1800,0.1,3240.0,2512.2,727.8,Uttar Pradesh,Varanasi,UPI,Delivered,Small Business
ORD100115,2025-03-04,CUST1233,Air Fryer,Home Appliances,4,6500,0.05,24700.0,16685.7,8014.3,Rajasthan,Jaipur,UPI,Delivered,Small Business
ORD100116,2025-03-06,CUST1290,T-Shirt,Fashion,1,900,0.05,855.0,588.23,266.77,Bihar,Patna,Credit Card,Delivered,Small Business
ORD100117,2025-11-02,CUST1002,Smartwatch,Electronics,2,5000,0.05,9500.0,7703.61,1796.39,Bihar,Patna,Debit Card,Delivered,Consumer
ORD100118,2025-03-09,CUST1008,Backpack,Bags,1,1800,0.2,1440.0,1423.11,16.89,Gujarat,Ahmedabad,Debit Card,Delivered,Small Business
ORD100119,2025-08-04,CUST1270,Mouse,Accessories,3,900,0.0,2700.0,1695.29,1004.71,Uttar Pradesh,Azamgarh,UPI,Delivered,Corporate
ORD100120,2025-11-11,CUST1023,Desk,Furniture,4,6500,0.15,22100.0,16867.26,5232.74,Rajasthan,Jaipur,Net Banking,Delivered,Corporate
ORD100121,2025-02-25,CUST1252,T-Shirt,Fashion,4,900,0.1,3240.0,2497.61,742.39,Uttar Pradesh,Lucknow,Cash on Delivery,Delivered,Consumer
ORD100122,2025-11-21,CUST1300,Mouse,Accessories,1,900,0.0,900.0,594.45,305.55,Bihar,Patna,Net Banking,Delivered,Corporate
ORD100123,2025-02-20,CUST1059,Shoes,Fashion,4,3200,0.15,10880.0,9384.88,1495.12,Telangana,Warangal,Net Banking,Delivered,Corporate
ORD100124,2025-02-18,CUST1161,Desk,Furniture,3,6500,0.1,17550.0,13410.55,4139.45,Karnataka,Mysuru,Cash on Delivery,Delivered,Small Business
ORD100125,2025-02-13,CUST1048,Keyboard,Accessories,4,1800,0.0,7200.0,4464.5,2735.5,Rajasthan,Jaipur,Cash on Delivery,Delivered,Small Business
ORD100126,2025-10-15,CUST1288,Jeans,Fashion,5,1800,0.0,9000.0,6561.2,2438.8,Rajasthan,Jaipur,Debit Card,Delivered,Corporate
ORD100127,2025-02-23,CUST1296,Mouse,Accessories,3,900,0.15,2295.0,1805.59,489.41,West Bengal,Kolkata,Net Banking,Delivered,Consumer
ORD100128,2025-07-08,CUST1059,T-Shirt,Fashion,1,900,0.05,855.0,707.38,147.62,Tamil Nadu,Chennai,Debit Card,Returned,Consumer
ORD100129,2025-05-17,CUST1015,Coffee Maker,Home Appliances,5,4500,0.2,18000.0,17605.83,394.17,West Bengal,Kolkata,Credit Card,Delivered,Small Business
ORD100130,2025-03-15,CUST1290,Coffee Maker,Home Appliances,3,4500,0.0,13500.0,8638.77,4861.23,Gujarat,Surat,Cash on Delivery,Delivered,Consumer
ORD100131,2025-08-21,CUST1175,Jeans,Fashion,5,1800,0.0,9000.0,6144.86,2855.14,Uttar Pradesh,Lucknow,Credit Card,Delivered,Corporate
ORD100132,2025-11-13,CUST1026,Jeans,Fashion,1,1800,0.0,1800.0,1142.33,657.67,Rajasthan,Jaipur,UPI,Delivered,Corporate
ORD100133,2025-04-21,CUST1263,T-Shirt,Fashion,5,900,0.1,4050.0,3110.04,939.96,West Bengal,Durgapur,UPI,Delivered,Corporate
ORD100134,2025-04-23,CUST1203,Smartphone,Electronics,5,25000,0.2,100000.0,83481.53,16518.47,Gujarat,Surat,Net Banking,Delivered,Consumer
ORD100135,2025-03-03,CUST1004,Smartwatch,Electronics,2,5000,0.05,9500.0,6636.78,2863.22,Gujarat,Ahmedabad,Cash on Delivery,Cancelled,Consumer
ORD100136,2025-07-01,CUST1037,Headphones,Electronics,5,2500,0.15,10625.0,9791.72,833.28,West Bengal,Kolkata,Cash on Delivery,Delivered,Corporate
ORD100137,2025-07-27,CUST1214,Laptop,Electronics,3,55000,0.15,140250.0,114583.02,25666.98,Tamil Nadu,Chennai,Debit Card,Delivered,Corporate
ORD100138,2025-07-05,CUST1046,Laptop,Electronics,5,55000,0.1,247500.0,215337.57,32162.43,Rajasthan,Jaipur,Cash on Delivery,Delivered,Consumer
ORD100139,2025-06-08,CUST1174,Office Chair,Furniture,5,8500,0.0,42500.0,29200.42,13299.58,Bihar,Gaya,Credit Card,Delivered,Consumer
ORD100140,2025-06-28,CUST1180,Smartphone,Electronics,5,25000,0.15,106250.0,80332.35,25917.65,Telangana,Hyderabad,Credit Card,Delivered,Consumer
ORD100141,2025-12-02,CUST1039,Headphones,Electronics,2,2500,0.15,4250.0,3168.16,1081.84,Gujarat,Ahmedabad,Credit Card,Cancelled,Corporate
ORD100142,2025-11-16,CUST1166,Coffee Maker,Home Appliances,5,4500,0.2,18000.0,16644.73,1355.27,Bihar,Gaya,Debit Card,Delivered,Corporate
ORD100143,2025-06-30,CUST1260,Smartphone,Electronics,3,25000,0.05,71250.0,54758.43,16491.57,Tamil Nadu,Coimbatore,UPI,Delivered,Corporate
ORD100144,2025-02-16,CUST1260,Desk,Furniture,3,6500,0.05,18525.0,12029.18,6495.82,Uttar Pradesh,Lucknow,Cash on Delivery,Cancelled,Small Business
ORD100145,2025-11-06,CUST1244,Backpack,Bags,5,1800,0.2,7200.0,5772.71,1427.29,Uttar Pradesh,Kanpur,Net Banking,Delivered,Consumer
ORD100146,2025-01-21,CUST1127,Desk,Furniture,1,6500,0.15,5525.0,4823.96,701.04,Delhi,Delhi,Cash on Delivery,Cancelled,Small Business
ORD100147,2025-07-18,CUST1210,Backpack,Bags,3,1800,0.05,5130.0,4330.51,799.49,Bihar,Patna,Debit Card,Returned,Consumer
ORD100148,2025-07-17,CUST1146,Coffee Maker,Home Appliances,3,4500,0.0,13500.0,9757.15,3742.85,Rajasthan,Jaipur,Debit Card,Returned,Consumer
ORD100149,2025-12-24,CUST1201,Mouse,Accessories,3,900,0.05,2565.0,2194.81,370.19,Delhi,New Delhi,Credit Card,Returned,Small Business
ORD100150,2025-12-17,CUST1270,Smartphone,Electronics,3,25000,0.0,75000.0,56056.92,18943.08,Gujarat,Surat,UPI,Cancelled,Small Business
ORD100151,2025-06-24,CUST1249,Mouse,Accessories,3,900,0.0,2700.0,2184.99,515.01,Uttar Pradesh,Varanasi,Credit Card,Delivered,Consumer
ORD100152,2025-09-27,CUST1020,Headphones,Electronics,1,2500,0.15,2125.0,1923.98,201.02,Delhi,Delhi,Debit Card,Returned,Consumer
ORD100153,2025-11-16,CUST1085,Shoes,Fashion,2,3200,0.0,6400.0,5010.53,1389.47,West Bengal,Kolkata,Cash on Delivery,Delivered,Corporate
ORD100154,2025-08-18,CUST1120,Mouse,Accessories,5,900,0.05,4275.0,3444.87,830.13,Karnataka,Mysuru,Net Banking,Delivered,Corporate
ORD100155,2025-08-14,CUST1237,Coffee Maker,Home Appliances,3,4500,0.2,10800.0,10912.98,-112.98,Tamil Nadu,Chennai,Debit Card,Cancelled,Small Business
ORD100156,2025-05-09,CUST1027,Backpack,Bags,2,1800,0.15,3060.0,2269.61,790.39,West Bengal,Kolkata,Cash on Delivery,Delivered,Small Business
ORD100157,2025-05-20,CUST1231,Air Fryer,Home Appliances,3,6500,0.0,19500.0,14973.77,4526.23,Delhi,New Delhi,Net Banking,Delivered,Corporate
ORD100158,2025-07-22,CUST1258,Smartphone,Electronics,3,25000,0.0,75000.0,51845.8,23154.2,Karnataka,Mysuru,Debit Card,Delivered,Corporate
ORD100159,2025-11-29,CUST1172,Smartphone,Electronics,1,25000,0.05,23750.0,20119.54,3630.46,Rajasthan,Jaipur,Credit Card,Delivered,Consumer
ORD100160,2025-02-10,CUST1010,Keyboard,Accessories,4,1800,0.1,6480.0,5294.71,1185.29,Tamil Nadu,Chennai,Debit Card,Delivered,Consumer
ORD100161,2025-03-04,CUST1025,Backpack,Bags,1,1800,0.05,1710.0,1174.11,535.89,Bihar,Gaya,Credit Card,Cancelled,Small Business
ORD100162,2025-09-13,CUST1275,Coffee Maker,Home Appliances,1,4500,0.0,4500.0,3528.32,971.68,Bihar,Gaya,UPI,Returned,Small Business
ORD100163,2025-05-04,CUST1293,Smartwatch,Electronics,4,5000,0.0,20000.0,14705.16,5294.84,Maharashtra,Pune,Cash on Delivery,Delivered,Small Business
ORD100164,2025-09-17,CUST1284,T-Shirt,Fashion,1,900,0.15,765.0,647.73,117.27,Delhi,Delhi,UPI,Cancelled,Corporate
ORD100165,2025-02-04,CUST1177,Laptop,Electronics,3,55000,0.2,132000.0,99589.59,32410.41,West Bengal,Durgapur,Credit Card,Delivered,Small Business
ORD100166,2025-11-26,CUST1090,Jeans,Fashion,1,1800,0.05,1710.0,1296.22,413.78,Rajasthan,Jaipur,Cash on Delivery,Cancelled,Small Business
ORD100167,2025-01-23,CUST1103,Headphones,Electronics,4,2500,0.0,10000.0,6645.57,3354.43,Maharashtra,Mumbai,UPI,Delivered,Corporate
ORD100168,2025-04-08,CUST1147,Backpack,Bags,3,1800,0.0,5400.0,4134.91,1265.09,West Bengal,Durgapur,Debit Card,Delivered,Small Business
ORD100169,2025-08-14,CUST1198,Mouse,Accessories,3,900,0.1,2430.0,2148.35,281.65,Gujarat,Ahmedabad,Debit Card,Delivered,Corporate
ORD100170,2025-08-06,CUST1041,Jeans,Fashion,5,1800,0.05,8550.0,6986.27,1563.73,Tamil Nadu,Coimbatore,Cash on Delivery,Returned,Consumer
ORD100171,2025-06-01,CUST1157,Backpack,Bags,1,1800,0.0,1800.0,1209.86,590.14,Gujarat,Surat,Cash on Delivery,Returned,Small Business
ORD100172,2025-06-30,CUST1223,Office Chair,Furniture,4,8500,0.05,32300.0,23744.53,8555.47,Maharashtra,Nagpur,Debit Card,Delivered,Consumer
ORD100173,2025-01-16,CUST1074,T-Shirt,Fashion,5,900,0.2,3600.0,3372.62,227.38,West Bengal,Durgapur,Net Banking,Cancelled,Consumer
ORD100174,2025-10-18,CUST1017,Headphones,Electronics,3,2500,0.05,7125.0,5131.71,1993.29,Delhi,New Delhi,Net Banking,Delivered,Small Business
ORD100175,2025-09-29,CUST1188,Desk,Furniture,4,6500,0.0,26000.0,18882.83,7117.17,Rajasthan,Jodhpur,Cash on Delivery,Delivered,Small Business
ORD100176,2025-09-23,CUST1199,Keyboard,Accessories,1,1800,0.2,1440.0,1153.68,286.32,Karnataka,Bengaluru,Net Banking,Delivered,Corporate
ORD100177,2025-09-09,CUST1103,Coffee Maker,Home Appliances,2,4500,0.15,7650.0,5965.44,1684.56,Gujarat,Surat,UPI,Delivered,Consumer
ORD100178,2025-06-13,CUST1178,Desk,Furniture,4,6500,0.0,26000.0,20236.14,5763.86,Maharashtra,Nagpur,UPI,Returned,Small Business
ORD100179,2025-03-04,CUST1103,Keyboard,Accessories,2,1800,0.05,3420.0,2562.93,857.07,Gujarat,Ahmedabad,Credit Card,Delivered,Corporate
ORD100180,2025-02-14,CUST1034,Laptop,Electronics,4,55000,0.15,187000.0,138280.93,48719.07,Rajasthan,Jodhpur,Debit Card,Cancelled,Small Business
ORD100181,2025-06-12,CUST1038,Jeans,Fashion,4,1800,0.15,6120.0,4436.82,1683.18,Tamil Nadu,Coimbatore,Cash on Delivery,Cancelled,Small Business
ORD100182,2025-03-08,CUST1222,Backpack,Bags,5,1800,0.2,7200.0,6563.82,636.18,Rajasthan,Jaipur,Net Banking,Delivered,Consumer
ORD100183,2025-12-30,CUST1116,Backpack,Bags,2,1800,0.0,3600.0,2415.55,1184.45,Maharashtra,Pune,Debit Card,Returned,Corporate
ORD100184,2025-05-21,CUST1065,Mixer Grinder,Home Appliances,2,3800,0.2,6080.0,6159.02,-79.02,Delhi,Delhi,Debit Card,Returned,Small Business
ORD100185,2025-12-04,CUST1173,Smartphone,Electronics,5,25000,0.15,106250.0,79240.34,27009.66,Telangana,Hyderabad,Net Banking,Delivered,Consumer
ORD100186,2025-11-24,CUST1016,Smartphone,Electronics,2,25000,0.15,42500.0,34582.45,7917.55,Uttar Pradesh,Varanasi,Cash on Delivery,Returned,Corporate
ORD100187,2025-08-21,CUST1038,T-Shirt,Fashion,2,900,0.2,1440.0,1240.81,199.19,Gujarat,Surat,UPI,Delivered,Corporate
ORD100188,2025-06-10,CUST1164,Office Chair,Furniture,2,8500,0.05,16150.0,12468.91,3681.09,Tamil Nadu,Coimbatore,Debit Card,Cancelled,Consumer
ORD100189,2025-05-17,CUST1231,Coffee Maker,Home Appliances,3,4500,0.0,13500.0,9485.42,4014.58,Rajasthan,Jaipur,Credit Card,Delivered,Consumer
ORD100190,2025-03-23,CUST1168,Laptop,Electronics,5,55000,0.1,247500.0,180020.35,67479.65,Gujarat,Surat,Net Banking,Delivered,Consumer
ORD100191,2025-06-07,CUST1255,Coffee Maker,Home Appliances,5,4500,0.1,20250.0,15968.86,4281.14,Maharashtra,Pune,UPI,Delivered,Corporate
ORD100192,2025-01-26,CUST1145,Backpack,Bags,2,1800,0.15,3060.0,2439.49,620.51,Tamil Nadu,Chennai,Cash on Delivery,Returned,Small Business
ORD100193,2025-08-09,CUST1069,T-Shirt,Fashion,5,900,0.0,4500.0,3538.7,961.3,Tamil Nadu,Coimbatore,Debit Card,Delivered,Corporate
ORD100194,2025-07-05,CUST1284,Mouse,Accessories,1,900,0.15,765.0,651.24,113.76,Uttar Pradesh,Kanpur,Debit Card,Delivered,Corporate
ORD100195,2025-03-07,CUST1050,Backpack,Bags,5,1800,0.2,7200.0,6609.87,590.13,Tamil Nadu,Coimbatore,Cash on Delivery,Delivered,Corporate
ORD100196,2025-09-14,CUST1021,Backpack,Bags,2,1800,0.15,3060.0,2563.23,496.77,Rajasthan,Jaipur,UPI,Delivered,Consumer
ORD100197,2025-09-21,CUST1072,Jeans,Fashion,5,1800,0.1,8100.0,5694.9,2405.1,Rajasthan,Jodhpur,Debit Card,Returned,Corporate
ORD100198,2025-09-18,CUST1273,Headphones,Electronics,5,2500,0.05,11875.0,8895.12,2979.88,West Bengal,Durgapur,Cash on Delivery,Returned,Corporate
ORD100199,2025-08-02,CUST1299,Desk,Furniture,3,6500,0.2,15600.0,12170.2,3429.8,Uttar Pradesh,Varanasi,Debit Card,Delivered,Small Business
ORD100200,2025-09-26,CUST1195,Desk,Furniture,1,6500,0.15,5525.0,4587.04,937.96,Gujarat,Ahmedabad,Credit Card,Delivered,Consumer
ORD100201,2025-03-19,CUST1212,Shoes,Fashion,1,3200,0.1,2880.0,2140.84,739.16,Delhi,New Delhi,Credit Card,Cancelled,Small Business
ORD100202,2025-04-17,CUST1288,Coffee Maker,Home Appliances,1,4500,0.2,3600.0,2836.7,763.3,Bihar,Gaya,Debit Card,Cancelled,Small Business
ORD100203,2025-07-01,CUST1136,Office Chair,Furniture,4,8500,0.15,28900.0,22960.61,5939.39,Rajasthan,Jaipur,Net Banking,Cancelled,Consumer
ORD100204,2025-12-27,CUST1107,Smartwatch,Electronics,2,5000,0.05,9500.0,7696.58,1803.42,Gujarat,Surat,Cash on Delivery,Delivered,Corporate
ORD100205,2025-10-06,CUST1195,Mouse,Accessories,3,900,0.0,2700.0,1960.65,739.35,Telangana,Warangal,Cash on Delivery,Delivered,Consumer
ORD100206,2025-12-02,CUST1132,Keyboard,Accessories,1,1800,0.05,1710.0,1445.91,264.09,Uttar Pradesh,Varanasi,Cash on Delivery,Delivered,Consumer
ORD100207,2025-02-25,CUST1123,Mixer Grinder,Home Appliances,5,3800,0.2,15200.0,12535.38,2664.62,Telangana,Warangal,Credit Card,Delivered,Small Business
ORD100208,2025-06-19,CUST1242,Air Fryer,Home Appliances,2,6500,0.0,13000.0,8086.57,4913.43,Telangana,Hyderabad,UPI,Delivered,Consumer
ORD100209,2025-05-28,CUST1165,Backpack,Bags,4,1800,0.1,6480.0,5350.45,1129.55,Maharashtra,Pune,Debit Card,Delivered,Consumer
ORD100210,2025-01-20,CUST1090,T-Shirt,Fashion,5,900,0.2,3600.0,3415.89,184.11,Bihar,Patna,Cash on Delivery,Delivered,Consumer
ORD100211,2025-05-29,CUST1020,Mixer Grinder,Home Appliances,2,3800,0.2,6080.0,6168.68,-88.68,West Bengal,Durgapur,UPI,Delivered,Small Business
ORD100212,2025-10-06,CUST1269,Shoes,Fashion,3,3200,0.1,8640.0,7848.98,791.02,Delhi,Delhi,Cash on Delivery,Delivered,Small Business
ORD100213,2025-08-23,CUST1132,Desk,Furniture,1,6500,0.05,6175.0,4132.37,2042.63,Gujarat,Ahmedabad,Credit Card,Delivered,Small Business
ORD100214,2025-07-27,CUST1219,Mouse,Accessories,2,900,0.15,1530.0,1419.03,110.97,Gujarat,Ahmedabad,Net Banking,Delivered,Consumer
ORD100215,2025-05-08,CUST1004,Office Chair,Furniture,2,8500,0.1,15300.0,11410.27,3889.73,Delhi,New Delhi,Debit Card,Cancelled,Consumer
ORD100216,2025-01-06,CUST1134,Desk,Furniture,3,6500,0.15,16575.0,14801.17,1773.83,Gujarat,Surat,Debit Card,Delivered,Consumer
ORD100217,2025-09-15,CUST1160,T-Shirt,Fashion,3,900,0.0,2700.0,1860.82,839.18,Delhi,Delhi,UPI,Delivered,Corporate
ORD100218,2025-11-07,CUST1192,Shoes,Fashion,2,3200,0.1,5760.0,4055.69,1704.31,Karnataka,Bengaluru,Cash on Delivery,Returned,Corporate
ORD100219,2025-02-11,CUST1270,Coffee Maker,Home Appliances,2,4500,0.2,7200.0,6894.38,305.62,Telangana,Hyderabad,Cash on Delivery,Returned,Small Business
ORD100220,2025-04-14,CUST1294,Mouse,Accessories,1,900,0.15,765.0,718.77,46.23,Delhi,New Delhi,Net Banking,Delivered,Consumer
ORD100221,2025-10-26,CUST1251,Mouse,Accessories,1,900,0.2,720.0,580.67,139.33,Telangana,Warangal,UPI,Returned,Corporate
ORD100222,2025-10-16,CUST1030,Coffee Maker,Home Appliances,2,4500,0.15,7650.0,6222.54,1427.46,Uttar Pradesh,Kanpur,Net Banking,Cancelled,Small Business
ORD100223,2025-04-22,CUST1297,Coffee Maker,Home Appliances,4,4500,0.05,17100.0,14033.15,3066.85,Gujarat,Ahmedabad,UPI,Delivered,Corporate
ORD100224,2025-07-29,CUST1093,Mouse,Accessories,1,900,0.1,810.0,546.28,263.72,Delhi,New Delhi,Credit Card,Cancelled,Corporate
ORD100225,2025-12-05,CUST1277,Air Fryer,Home Appliances,4,6500,0.1,23400.0,16059.03,7340.97,West Bengal,Durgapur,Credit Card,Delivered,Consumer
ORD100226,2025-04-25,CUST1002,Headphones,Electronics,5,2500,0.0,12500.0,9501.61,2998.39,Telangana,Warangal,UPI,Delivered,Corporate
ORD100227,2025-05-07,CUST1236,T-Shirt,Fashion,5,900,0.1,4050.0,3515.13,534.87,Telangana,Warangal,Debit Card,Delivered,Corporate
ORD100228,2025-01-09,CUST1124,Smartwatch,Electronics,4,5000,0.15,17000.0,15370.64,1629.36,Delhi,New Delhi,Credit Card,Delivered,Consumer
ORD100229,2025-01-25,CUST1126,Shoes,Fashion,5,3200,0.2,12800.0,12075.57,724.43,Uttar Pradesh,Kanpur,UPI,Cancelled,Corporate
ORD100230,2025-05-29,CUST1120,Smartwatch,Electronics,1,5000,0.0,5000.0,3554.29,1445.71,Telangana,Hyderabad,Net Banking,Delivered,Small Business
ORD100231,2025-09-24,CUST1114,Shoes,Fashion,3,3200,0.0,9600.0,7841.79,1758.21,Rajasthan,Jaipur,Cash on Delivery,Delivered,Corporate
ORD100232,2025-06-26,CUST1196,Laptop,Electronics,4,55000,0.15,187000.0,155988.05,31011.95,Telangana,Hyderabad,Net Banking,Delivered,Small Business
ORD100233,2025-10-03,CUST1243,Office Chair,Furniture,3,8500,0.1,22950.0,16331.56,6618.44,West Bengal,Kolkata,Credit Card,Delivered,Corporate
ORD100234,2025-08-02,CUST1286,Mixer Grinder,Home Appliances,1,3800,0.15,3230.0,2625.0,605.0,Maharashtra,Pune,Net Banking,Delivered,Corporate
ORD100235,2025-08-19,CUST1190,Smartwatch,Electronics,3,5000,0.2,12000.0,9260.93,2739.07,Gujarat,Ahmedabad,UPI,Returned,Small Business
ORD100236,2025-11-05,CUST1021,Mixer Grinder,Home Appliances,3,3800,0.1,10260.0,8529.57,1730.43,Karnataka,Bengaluru,UPI,Delivered,Small Business
ORD100237,2025-06-20,CUST1156,Jeans,Fashion,4,1800,0.0,7200.0,5697.25,1502.75,Telangana,Hyderabad,UPI,Delivered,Consumer
ORD100238,2025-04-15,CUST1204,Jeans,Fashion,2,1800,0.2,2880.0,2638.69,241.31,Delhi,Delhi,Credit Card,Returned,Corporate
ORD100239,2025-06-07,CUST1134,Coffee Maker,Home Appliances,4,4500,0.15,15300.0,13368.94,1931.06,Gujarat,Surat,Debit Card,Returned,Corporate
ORD100240,2025-07-31,CUST1024,Desk,Furniture,3,6500,0.0,19500.0,13290.32,6209.68,Delhi,Delhi,Net Banking,Delivered,Small Business
ORD100241,2025-08-02,CUST1152,Headphones,Electronics,5,2500,0.15,10625.0,9092.64,1532.36,Uttar Pradesh,Varanasi,Credit Card,Delivered,Corporate
ORD100242,2025-12-17,CUST1173,Smartwatch,Electronics,4,5000,0.15,17000.0,14880.28,2119.72,West Bengal,Kolkata,Debit Card,Cancelled,Small Business
ORD100243,2025-03-28,CUST1072,T-Shirt,Fashion,2,900,0.2,1440.0,1394.81,45.19,Tamil Nadu,Coimbatore,Net Banking,Cancelled,Consumer
ORD100244,2025-02-08,CUST1025,Air Fryer,Home Appliances,5,6500,0.0,32500.0,25499.34,7000.66,Telangana,Hyderabad,UPI,Cancelled,Consumer
ORD100245,2025-08-22,CUST1192,Mixer Grinder,Home Appliances,2,3800,0.0,7600.0,4925.7,2674.3,Karnataka,Bengaluru,UPI,Returned,Small Business
ORD100246,2025-10-10,CUST1211,T-Shirt,Fashion,4,900,0.0,3600.0,2165.24,1434.76,Bihar,Gaya,UPI,Delivered,Small Business
ORD100247,2025-12-12,CUST1221,Jeans,Fashion,1,1800,0.15,1530.0,1402.01,127.99,Gujarat,Surat,Credit Card,Delivered,Consumer
ORD100248,2025-07-01,CUST1137,Backpack,Bags,2,1800,0.15,3060.0,2576.95,483.05,Maharashtra,Mumbai,Cash on Delivery,Delivered,Corporate
ORD100249,2025-02-11,CUST1017,Office Chair,Furniture,2,8500,0.05,16150.0,12758.32,3391.68,Tamil Nadu,Chennai,UPI,Cancelled,Corporate
ORD100250,2025-03-29,CUST1043,Office Chair,Furniture,1,8500,0.2,6800.0,5117.67,1682.33,Telangana,Warangal,Cash on Delivery,Cancelled,Small Business
ORD100251,2025-12-21,CUST1291,Coffee Maker,Home Appliances,5,4500,0.0,22500.0,14637.34,7862.66,Rajasthan,Jaipur,Cash on Delivery,Delivered,Consumer
ORD100252,2025-04-02,CUST1162,Air Fryer,Home Appliances,5,6500,0.15,27625.0,24205.48,3419.52,Delhi,Delhi,UPI,Delivered,Small Business
ORD100253,2025-10-18,CUST1200,Headphones,Electronics,3,2500,0.0,7500.0,5430.53,2069.47,West Bengal,Kolkata,Net Banking,Delivered,Corporate
ORD100254,2025-06-27,CUST1028,Coffee Maker,Home Appliances,1,4500,0.15,3825.0,3438.0,387.0,Maharashtra,Nagpur,UPI,Cancelled,Consumer
ORD100255,2025-07-23,CUST1168,Mixer Grinder,Home Appliances,5,3800,0.15,16150.0,15391.31,758.69,Delhi,Delhi,UPI,Delivered,Corporate
ORD100256,2025-12-15,CUST1300,Desk,Furniture,5,6500,0.1,29250.0,22587.71,6662.29,Karnataka,Mysuru,Cash on Delivery,Delivered,Small Business
ORD100257,2025-12-31,CUST1079,Keyboard,Accessories,1,1800,0.05,1710.0,1141.07,568.93,Karnataka,Bengaluru,Cash on Delivery,Delivered,Corporate
ORD100258,2025-05-19,CUST1053,Smartphone,Electronics,3,25000,0.1,67500.0,50938.64,16561.36,Delhi,New Delhi,Credit Card,Delivered,Consumer
ORD100259,2025-10-11,CUST1048,Office Chair,Furniture,1,8500,0.0,8500.0,5267.59,3232.41,Tamil Nadu,Coimbatore,Net Banking,Returned,Corporate
ORD100260,2025-02-13,CUST1287,Mixer Grinder,Home Appliances,3,3800,0.1,10260.0,7812.6,2447.4,West Bengal,Kolkata,Credit Card,Returned,Small Business
ORD100261,2025-09-10,CUST1075,Headphones,Electronics,2,2500,0.05,4750.0,3331.24,1418.76,West Bengal,Kolkata,UPI,Delivered,Corporate
ORD100262,2025-05-07,CUST1254,Keyboard,Accessories,4,1800,0.0,7200.0,4892.02,2307.98,West Bengal,Durgapur,Net Banking,Returned,Consumer
ORD100263,2025-06-20,CUST1195,Desk,Furniture,3,6500,0.0,19500.0,15770.45,3729.55,Delhi,New Delhi,Debit Card,Cancelled,Corporate
ORD100264,2025-12-22,CUST1103,Office Chair,Furniture,3,8500,0.05,24225.0,18684.02,5540.98,Bihar,Patna,Cash on Delivery,Delivered,Consumer
ORD100265,2025-06-16,CUST1193,Office Chair,Furniture,4,8500,0.15,28900.0,26249.17,2650.83,Rajasthan,Jodhpur,Debit Card,Cancelled,Corporate
ORD100266,2025-10-09,CUST1014,Smartphone,Electronics,5,25000,0.15,106250.0,79948.0,26302.0,Bihar,Patna,Cash on Delivery,Delivered,Corporate
ORD100267,2025-11-21,CUST1156,Coffee Maker,Home Appliances,4,4500,0.2,14400.0,12777.24,1622.76,Gujarat,Ahmedabad,Credit Card,Delivered,Small Business
ORD100268,2025-09-03,CUST1299,Headphones,Electronics,1,2500,0.1,2250.0,2044.89,205.11,West Bengal,Durgapur,Cash on Delivery,Returned,Small Business
ORD100269,2025-10-02,CUST1044,Air Fryer,Home Appliances,3,6500,0.2,15600.0,15541.7,58.3,West Bengal,Kolkata,UPI,Delivered,Small Business
ORD100270,2025-11-27,CUST1205,T-Shirt,Fashion,5,900,0.0,4500.0,3257.59,1242.41,Rajasthan,Jaipur,Debit Card,Cancelled,Consumer
ORD100271,2025-10-13,CUST1298,Laptop,Electronics,2,55000,0.15,93500.0,84073.84,9426.16,Delhi,Delhi,Net Banking,Delivered,Corporate
ORD100272,2025-06-26,CUST1013,Mouse,Accessories,5,900,0.2,3600.0,3195.46,404.54,West Bengal,Durgapur,Cash on Delivery,Delivered,Corporate
ORD100273,2025-08-22,CUST1106,Office Chair,Furniture,2,8500,0.05,16150.0,11366.47,4783.53,Delhi,New Delhi,Net Banking,Cancelled,Corporate
ORD100274,2025-01-23,CUST1059,Desk,Furniture,4,6500,0.05,24700.0,15984.24,8715.76,Delhi,Delhi,UPI,Delivered,Small Business
ORD100275,2025-03-23,CUST1170,Smartphone,Electronics,2,25000,0.15,42500.0,31918.99,10581.01,Maharashtra,Nagpur,Net Banking,Cancelled,Corporate
ORD100276,2025-07-22,CUST1015,Smartwatch,Electronics,2,5000,0.2,8000.0,7446.08,553.92,West Bengal,Kolkata,Net Banking,Delivered,Corporate
ORD100277,2025-05-23,CUST1033,Shoes,Fashion,1,3200,0.2,2560.0,2071.22,488.78,West Bengal,Durgapur,Net Banking,Delivered,Small Business
ORD100278,2025-12-10,CUST1251,Headphones,Electronics,2,2500,0.1,4500.0,3125.35,1374.65,Rajasthan,Jodhpur,Net Banking,Delivered,Small Business
ORD100279,2025-08-23,CUST1089,Office Chair,Furniture,5,8500,0.0,42500.0,28753.1,13746.9,Bihar,Gaya,Debit Card,Returned,Small Business
ORD100280,2025-04-04,CUST1192,Smartphone,Electronics,1,25000,0.0,25000.0,16679.59,8320.41,Maharashtra,Pune,Credit Card,Returned,Corporate
ORD100281,2025-09-07,CUST1276,Office Chair,Furniture,5,8500,0.1,38250.0,29455.41,8794.59,Bihar,Patna,Credit Card,Returned,Consumer
ORD100282,2025-11-14,CUST1028,Desk,Furniture,2,6500,0.05,12350.0,10208.08,2141.92,Gujarat,Ahmedabad,Debit Card,Delivered,Corporate
ORD100283,2025-07-29,CUST1252,Headphones,Electronics,5,2500,0.15,10625.0,9295.94,1329.06,Karnataka,Mysuru,Cash on Delivery,Cancelled,Corporate
ORD100284,2025-04-26,CUST1276,Headphones,Electronics,2,2500,0.05,4750.0,3035.96,1714.04,Delhi,New Delhi,Debit Card,Delivered,Corporate
ORD100285,2025-10-06,CUST1188,Shoes,Fashion,5,3200,0.0,16000.0,10542.97,5457.03,Tamil Nadu,Chennai,Net Banking,Delivered,Small Business
ORD100286,2025-12-01,CUST1127,Desk,Furniture,4,6500,0.0,26000.0,19809.86,6190.14,Telangana,Hyderabad,Debit Card,Delivered,Corporate
ORD100287,2025-05-02,CUST1108,Keyboard,Accessories,4,1800,0.0,7200.0,5548.6,1651.4,Rajasthan,Jaipur,Net Banking,Delivered,Small Business
ORD100288,2025-04-16,CUST1031,Shoes,Fashion,5,3200,0.0,16000.0,12362.67,3637.33,West Bengal,Kolkata,Net Banking,Delivered,Small Business
ORD100289,2025-10-21,CUST1137,Keyboard,Accessories,3,1800,0.2,4320.0,3587.65,732.35,Bihar,Patna,Net Banking,Delivered,Consumer
ORD100290,2025-03-09,CUST1128,Coffee Maker,Home Appliances,3,4500,0.2,10800.0,8476.86,2323.14,West Bengal,Kolkata,Credit Card,Delivered,Consumer
ORD100291,2025-11-18,CUST1213,Coffee Maker,Home Appliances,2,4500,0.15,7650.0,6652.16,997.84,West Bengal,Durgapur,Cash on Delivery,Cancelled,Consumer
ORD100292,2025-07-08,CUST1233,T-Shirt,Fashion,5,900,0.2,3600.0,2975.44,624.56,Delhi,Delhi,Cash on Delivery,Delivered,Small Business
ORD100293,2025-07-23,CUST1112,Laptop,Electronics,3,55000,0.0,165000.0,127883.11,37116.89,Delhi,Delhi,Cash on Delivery,Delivered,Corporate
ORD100294,2025-10-17,CUST1249,Keyboard,Accessories,3,1800,0.15,4590.0,3926.59,663.41,Rajasthan,Jodhpur,Debit Card,Delivered,Consumer
ORD100295,2025-01-01,CUST1220,Smartphone,Electronics,1,25000,0.0,25000.0,17427.07,7572.93,Tamil Nadu,Chennai,Credit Card,Delivered,Small Business
ORD100296,2025-02-12,CUST1191,Keyboard,Accessories,1,1800,0.2,1440.0,1222.73,217.27,Maharashtra,Pune,Credit Card,Delivered,Corporate
ORD100297,2025-02-18,CUST1001,T-Shirt,Fashion,4,900,0.2,2880.0,2232.23,647.77,Gujarat,Ahmedabad,Credit Card,Cancelled,Consumer
ORD100298,2025-01-05,CUST1176,Headphones,Electronics,5,2500,0.2,10000.0,8723.93,1276.07,Bihar,Patna,UPI,Cancelled,Small Business
ORD100299,2025-02-22,CUST1053,Headphones,Electronics,2,2500,0.1,4500.0,3098.26,1401.74,Tamil Nadu,Chennai,Debit Card,Delivered,Corporate
ORD100300,2025-01-05,CUST1085,Headphones,Electronics,2,2500,0.0,5000.0,3583.56,1416.44,West Bengal,Kolkata,Cash on Delivery,Delivered,Small Business
ORD100301,2025-04-22,CUST1045,Smartwatch,Electronics,5,5000,0.2,20000.0,17433.11,2566.89,Maharashtra,Pune,UPI,Delivered,Consumer
ORD100302,2025-05-07,CUST1142,Shoes,Fashion,4,3200,0.05,12160.0,9907.67,2252.33,West Bengal,Durgapur,UPI,Delivered,Small Business
ORD100303,2025-04-16,CUST1266,Shoes,Fashion,1,3200,0.2,2560.0,2536.58,23.42,Bihar,Gaya,Net Banking,Returned,Consumer
ORD100304,2025-02-27,CUST1124,Jeans,Fashion,1,1800,0.0,1800.0,1275.98,524.02,West Bengal,Durgapur,Cash on Delivery,Returned,Consumer
ORD100305,2025-10-19,CUST1216,Backpack,Bags,3,1800,0.0,5400.0,3699.56,1700.44,Uttar Pradesh,Varanasi,Debit Card,Returned,Small Business
ORD100306,2025-05-15,CUST1111,Headphones,Electronics,1,2500,0.15,2125.0,1537.14,587.86,Tamil Nadu,Chennai,UPI,Delivered,Corporate
ORD100307,2025-11-24,CUST1275,Backpack,Bags,4,1800,0.2,5760.0,4957.21,802.79,Gujarat,Surat,Net Banking,Returned,Consumer
ORD100308,2025-03-21,CUST1275,Keyboard,Accessories,1,1800,0.15,1530.0,1444.69,85.31,Delhi,Delhi,Debit Card,Cancelled,Small Business
ORD100309,2025-05-03,CUST1030,T-Shirt,Fashion,4,900,0.2,2880.0,2915.11,-35.11,Delhi,Delhi,Credit Card,Delivered,Corporate
ORD100310,2025-03-31,CUST1062,Smartphone,Electronics,3,25000,0.2,60000.0,57237.94,2762.06,Tamil Nadu,Chennai,UPI,Delivered,Small Business
ORD100311,2025-05-13,CUST1086,Laptop,Electronics,3,55000,0.15,140250.0,117775.19,22474.81,Maharashtra,Pune,Debit Card,Delivered,Small Business
ORD100312,2025-05-20,CUST1269,Coffee Maker,Home Appliances,1,4500,0.05,4275.0,3499.04,775.96,Gujarat,Ahmedabad,UPI,Delivered,Small Business
ORD100313,2025-09-13,CUST1291,Shoes,Fashion,4,3200,0.15,10880.0,8694.11,2185.89,Delhi,Delhi,Credit Card,Delivered,Consumer
ORD100314,2025-01-23,CUST1007,Keyboard,Accessories,2,1800,0.2,2880.0,2562.99,317.01,Delhi,New Delhi,Credit Card,Delivered,Corporate
ORD100315,2025-12-02,CUST1215,Mouse,Accessories,2,900,0.0,1800.0,1298.93,501.07,West Bengal,Kolkata,Credit Card,Delivered,Consumer
ORD100316,2025-09-15,CUST1027,Office Chair,Furniture,1,8500,0.15,7225.0,5797.15,1427.85,Rajasthan,Jodhpur,Credit Card,Delivered,Small Business
ORD100317,2025-06-09,CUST1168,Laptop,Electronics,4,55000,0.05,209000.0,169438.73,39561.27,West Bengal,Kolkata,UPI,Returned,Corporate
ORD100318,2025-11-15,CUST1125,Laptop,Electronics,3,55000,0.15,140250.0,127477.61,12772.39,Rajasthan,Jaipur,Cash on Delivery,Delivered,Small Business
ORD100319,2025-01-13,CUST1120,Desk,Furniture,2,6500,0.0,13000.0,10466.66,2533.34,Karnataka,Bengaluru,Net Banking,Delivered,Small Business
ORD100320,2025-06-07,CUST1054,Mixer Grinder,Home Appliances,1,3800,0.2,3040.0,2594.57,445.43,Uttar Pradesh,Varanasi,Credit Card,Returned,Consumer
ORD100321,2025-01-23,CUST1119,Office Chair,Furniture,2,8500,0.2,13600.0,11246.55,2353.45,Tamil Nadu,Chennai,Net Banking,Cancelled,Small Business
ORD100322,2025-03-10,CUST1202,Air Fryer,Home Appliances,1,6500,0.15,5525.0,4036.68,1488.32,Rajasthan,Jodhpur,UPI,Returned,Small Business
ORD100323,2025-06-11,CUST1202,Laptop,Electronics,2,55000,0.05,104500.0,72315.98,32184.02,West Bengal,Kolkata,Debit Card,Delivered,Corporate
ORD100324,2025-10-27,CUST1056,Keyboard,Accessories,2,1800,0.0,3600.0,2777.71,822.29,Karnataka,Bengaluru,Credit Card,Delivered,Consumer
ORD100325,2025-04-17,CUST1232,Desk,Furniture,4,6500,0.0,26000.0,18665.49,7334.51,Tamil Nadu,Coimbatore,Debit Card,Cancelled,Corporate
ORD100326,2025-12-27,CUST1021,Mixer Grinder,Home Appliances,2,3800,0.2,6080.0,5068.65,1011.35,Delhi,New Delhi,Credit Card,Delivered,Consumer
ORD100327,2025-06-03,CUST1134,Smartphone,Electronics,4,25000,0.15,85000.0,61076.91,23923.09,Karnataka,Mysuru,Credit Card,Delivered,Corporate
ORD100328,2025-03-13,CUST1063,Mixer Grinder,Home Appliances,1,3800,0.1,3420.0,2365.19,1054.81,Tamil Nadu,Chennai,UPI,Delivered,Consumer
ORD100329,2025-11-27,CUST1044,Headphones,Electronics,3,2500,0.2,6000.0,5539.99,460.01,Karnataka,Mysuru,Net Banking,Returned,Corporate
ORD100330,2025-08-16,CUST1066,Air Fryer,Home Appliances,1,6500,0.0,6500.0,5190.57,1309.43,Delhi,New Delhi,UPI,Delivered,Consumer
ORD100331,2025-07-22,CUST1255,Laptop,Electronics,2,55000,0.15,93500.0,76482.38,17017.62,Tamil Nadu,Chennai,UPI,Cancelled,Small Business
ORD100332,2025-08-17,CUST1077,Office Chair,Furniture,2,8500,0.0,17000.0,11228.43,5771.57,Maharashtra,Pune,UPI,Returned,Small Business
ORD100333,2025-09-03,CUST1032,Shoes,Fashion,4,3200,0.1,11520.0,10165.9,1354.1,Karnataka,Mysuru,UPI,Delivered,Corporate
ORD100334,2025-10-06,CUST1010,Headphones,Electronics,5,2500,0.0,12500.0,9234.57,3265.43,West Bengal,Kolkata,Cash on Delivery,Delivered,Corporate
ORD100335,2025-05-19,CUST1093,Backpack,Bags,5,1800,0.15,7650.0,6036.78,1613.22,Tamil Nadu,Coimbatore,UPI,Delivered,Small Business
ORD100336,2025-10-27,CUST1120,Smartwatch,Electronics,1,5000,0.1,4500.0,3582.38,917.62,Uttar Pradesh,Varanasi,Credit Card,Delivered,Consumer
ORD100337,2025-04-23,CUST1295,T-Shirt,Fashion,5,900,0.2,3600.0,2755.35,844.65,Karnataka,Mysuru,Cash on Delivery,Delivered,Consumer
ORD100338,2025-12-25,CUST1181,Headphones,Electronics,3,2500,0.15,6375.0,4546.54,1828.46,Karnataka,Mysuru,Net Banking,Returned,Consumer
ORD100339,2025-01-20,CUST1047,Shoes,Fashion,5,3200,0.05,15200.0,10217.96,4982.04,Karnataka,Mysuru,UPI,Delivered,Small Business
ORD100340,2025-04-14,CUST1067,Smartwatch,Electronics,1,5000,0.05,4750.0,4009.69,740.31,Uttar Pradesh,Kanpur,Debit Card,Delivered,Corporate
ORD100341,2025-02-26,CUST1270,Laptop,Electronics,5,55000,0.2,220000.0,220492.06,-492.06,Uttar Pradesh,Azamgarh,Debit Card,Delivered,Corporate
ORD100342,2025-03-22,CUST1224,Jeans,Fashion,3,1800,0.05,5130.0,3623.25,1506.75,West Bengal,Kolkata,Cash on Delivery,Delivered,Consumer
ORD100343,2025-03-31,CUST1194,Jeans,Fashion,2,1800,0.2,2880.0,2626.45,253.55,Telangana,Warangal,Debit Card,Delivered,Consumer
ORD100344,2025-06-12,CUST1114,Headphones,Electronics,5,2500,0.0,12500.0,8000.72,4499.28,Uttar Pradesh,Kanpur,Net Banking,Delivered,Corporate
ORD100345,2025-03-27,CUST1046,Headphones,Electronics,2,2500,0.05,4750.0,4080.62,669.38,Rajasthan,Jaipur,Debit Card,Cancelled,Consumer
ORD100346,2025-02-25,CUST1001,Keyboard,Accessories,1,1800,0.05,1710.0,1181.64,528.36,Karnataka,Bengaluru,UPI,Cancelled,Corporate
ORD100347,2025-06-29,CUST1280,Jeans,Fashion,4,1800,0.1,6480.0,5716.72,763.28,West Bengal,Kolkata,Cash on Delivery,Delivered,Corporate
ORD100348,2025-01-18,CUST1151,Coffee Maker,Home Appliances,2,4500,0.1,8100.0,5545.94,2554.06,Bihar,Patna,UPI,Delivered,Corporate
ORD100349,2025-02-08,CUST1281,Smartphone,Electronics,2,25000,0.1,45000.0,31769.95,13230.05,Delhi,Delhi,UPI,Delivered,Small Business
ORD100350,2025-08-11,CUST1081,Shoes,Fashion,4,3200,0.2,10240.0,8144.63,2095.37,Tamil Nadu,Chennai,UPI,Delivered,Corporate
ORD100351,2025-10-04,CUST1136,Smartwatch,Electronics,5,5000,0.2,20000.0,20090.65,-90.65,Karnataka,Mysuru,Debit Card,Delivered,Consumer
ORD100352,2025-03-20,CUST1028,Smartphone,Electronics,5,25000,0.15,106250.0,98096.0,8154.0,Uttar Pradesh,Kanpur,Debit Card,Delivered,Corporate
ORD100353,2025-03-29,CUST1150,Smartphone,Electronics,2,25000,0.0,50000.0,30283.09,19716.91,Gujarat,Surat,UPI,Cancelled,Consumer
ORD100354,2025-11-25,CUST1279,Keyboard,Accessories,4,1800,0.2,5760.0,4739.77,1020.23,West Bengal,Durgapur,Cash on Delivery,Delivered,Corporate
ORD100355,2025-08-14,CUST1239,Air Fryer,Home Appliances,2,6500,0.1,11700.0,7927.6,3772.4,West Bengal,Durgapur,Debit Card,Delivered,Corporate
ORD100356,2025-10-05,CUST1212,Shoes,Fashion,1,3200,0.0,3200.0,2390.37,809.63,Uttar Pradesh,Azamgarh,Net Banking,Delivered,Small Business
ORD100357,2025-09-01,CUST1294,Laptop,Electronics,5,55000,0.2,220000.0,217447.09,2552.91,West Bengal,Durgapur,Credit Card,Cancelled,Corporate
ORD100358,2025-10-20,CUST1076,Smartphone,Electronics,5,25000,0.15,106250.0,99762.51,6487.49,West Bengal,Kolkata,UPI,Cancelled,Consumer
ORD100359,2025-12-16,CUST1223,Headphones,Electronics,2,2500,0.0,5000.0,3465.71,1534.29,Karnataka,Bengaluru,Credit Card,Delivered,Small Business
ORD100360,2025-10-10,CUST1167,Keyboard,Accessories,1,1800,0.1,1620.0,1300.32,319.68,Rajasthan,Jaipur,Debit Card,Returned,Corporate
ORD100361,2025-10-18,CUST1299,Air Fryer,Home Appliances,1,6500,0.1,5850.0,4113.99,1736.01,Uttar Pradesh,Kanpur,UPI,Delivered,Small Business
ORD100362,2025-05-16,CUST1197,Coffee Maker,Home Appliances,5,4500,0.05,21375.0,17845.57,3529.43,Delhi,Delhi,Cash on Delivery,Returned,Small Business
ORD100363,2025-11-08,CUST1206,Desk,Furniture,3,6500,0.1,17550.0,12317.13,5232.87,Uttar Pradesh,Azamgarh,UPI,Cancelled,Corporate
ORD100364,2025-01-11,CUST1173,Jeans,Fashion,4,1800,0.05,6840.0,5740.9,1099.1,Karnataka,Bengaluru,Debit Card,Delivered,Corporate
ORD100365,2025-08-15,CUST1165,Mixer Grinder,Home Appliances,2,3800,0.0,7600.0,5062.4,2537.6,Tamil Nadu,Chennai,Debit Card,Cancelled,Small Business
ORD100366,2025-07-28,CUST1249,T-Shirt,Fashion,4,900,0.0,3600.0,2883.44,716.56,Delhi,New Delhi,Net Banking,Delivered,Consumer
ORD100367,2025-03-11,CUST1269,Backpack,Bags,3,1800,0.2,4320.0,3842.07,477.93,Maharashtra,Mumbai,Net Banking,Delivered,Consumer
ORD100368,2025-07-04,CUST1102,Smartwatch,Electronics,2,5000,0.0,10000.0,7004.19,2995.81,Karnataka,Bengaluru,Debit Card,Delivered,Corporate
ORD100369,2025-11-01,CUST1229,Backpack,Bags,1,1800,0.0,1800.0,1227.5,572.5,West Bengal,Kolkata,Credit Card,Cancelled,Small Business
ORD100370,2025-12-19,CUST1047,Backpack,Bags,2,1800,0.05,3420.0,2753.18,666.82,Rajasthan,Jodhpur,Debit Card,Delivered,Corporate
ORD100371,2025-12-13,CUST1106,Laptop,Electronics,2,55000,0.0,110000.0,81666.59,28333.41,Maharashtra,Nagpur,Debit Card,Cancelled,Small Business
ORD100372,2025-01-05,CUST1115,Laptop,Electronics,2,55000,0.2,88000.0,70191.46,17808.54,Uttar Pradesh,Kanpur,Debit Card,Returned,Corporate
ORD100373,2025-04-22,CUST1239,Jeans,Fashion,4,1800,0.05,6840.0,5047.05,1792.95,Gujarat,Surat,Debit Card,Returned,Small Business
ORD100374,2025-07-11,CUST1288,Office Chair,Furniture,1,8500,0.15,7225.0,6968.93,256.07,Bihar,Patna,Net Banking,Returned,Corporate
ORD100375,2025-11-24,CUST1167,Keyboard,Accessories,1,1800,0.05,1710.0,1471.39,238.61,Delhi,Delhi,Debit Card,Delivered,Small Business
ORD100376,2025-01-30,CUST1207,Jeans,Fashion,2,1800,0.15,3060.0,2766.26,293.74,Gujarat,Ahmedabad,Debit Card,Delivered,Small Business
ORD100377,2025-01-19,CUST1299,Laptop,Electronics,3,55000,0.1,148500.0,113686.94,34813.06,Tamil Nadu,Coimbatore,Net Banking,Delivered,Corporate
ORD100378,2025-03-29,CUST1286,Jeans,Fashion,3,1800,0.15,4590.0,3596.63,993.37,Karnataka,Mysuru,Credit Card,Delivered,Consumer
ORD100379,2025-04-04,CUST1172,Desk,Furniture,3,6500,0.2,15600.0,15167.8,432.2,Maharashtra,Nagpur,UPI,Delivered,Corporate
ORD100380,2025-05-31,CUST1238,Smartwatch,Electronics,3,5000,0.05,14250.0,9859.85,4390.15,Gujarat,Surat,UPI,Cancelled,Consumer
ORD100381,2025-12-15,CUST1196,Mixer Grinder,Home Appliances,4,3800,0.0,15200.0,10793.6,4406.4,Bihar,Patna,Net Banking,Delivered,Corporate
ORD100382,2025-10-19,CUST1235,Laptop,Electronics,2,55000,0.05,104500.0,75902.44,28597.56,Maharashtra,Mumbai,Credit Card,Delivered,Small Business
ORD100383,2025-06-10,CUST1030,Headphones,Electronics,3,2500,0.2,6000.0,6127.96,-127.96,Delhi,Delhi,UPI,Cancelled,Corporate
ORD100384,2025-02-15,CUST1067,Smartwatch,Electronics,2,5000,0.1,9000.0,7727.46,1272.54,Maharashtra,Nagpur,Net Banking,Cancelled,Small Business
ORD100385,2025-10-01,CUST1103,Office Chair,Furniture,4,8500,0.1,30600.0,20434.93,10165.07,West Bengal,Durgapur,Debit Card,Delivered,Corporate
ORD100386,2025-05-08,CUST1116,Coffee Maker,Home Appliances,1,4500,0.2,3600.0,2704.08,895.92,Telangana,Hyderabad,Debit Card,Delivered,Consumer
ORD100387,2025-06-02,CUST1149,Smartphone,Electronics,2,25000,0.0,50000.0,39062.28,10937.72,West Bengal,Durgapur,Cash on Delivery,Returned,Small Business
ORD100388,2025-09-08,CUST1184,Backpack,Bags,2,1800,0.05,3420.0,2948.94,471.06,Rajasthan,Jodhpur,Credit Card,Delivered,Corporate
ORD100389,2025-10-29,CUST1259,Laptop,Electronics,2,55000,0.0,110000.0,83764.65,26235.35,Karnataka,Bengaluru,Credit Card,Delivered,Corporate
ORD100390,2025-11-01,CUST1025,Jeans,Fashion,3,1800,0.15,4590.0,3980.28,609.72,Uttar Pradesh,Kanpur,UPI,Delivered,Consumer
ORD100391,2025-05-10,CUST1243,Jeans,Fashion,4,1800,0.1,6480.0,4515.77,1964.23,Delhi,Delhi,Credit Card,Delivered,Small Business
ORD100392,2025-09-24,CUST1139,T-Shirt,Fashion,4,900,0.2,2880.0,2239.98,640.02,Uttar Pradesh,Varanasi,Net Banking,Returned,Small Business
ORD100393,2025-05-25,CUST1059,Headphones,Electronics,5,2500,0.2,10000.0,9198.67,801.33,West Bengal,Kolkata,UPI,Cancelled,Consumer
ORD100394,2025-07-29,CUST1152,Shoes,Fashion,5,3200,0.0,16000.0,10859.88,5140.12,Karnataka,Mysuru,Credit Card,Delivered,Small Business
ORD100395,2025-12-10,CUST1046,Desk,Furniture,3,6500,0.0,19500.0,11711.75,7788.25,Karnataka,Mysuru,UPI,Returned,Small Business
ORD100396,2025-02-21,CUST1132,Desk,Furniture,5,6500,0.0,32500.0,24673.48,7826.52,Maharashtra,Mumbai,Credit Card,Cancelled,Corporate
ORD100397,2025-05-29,CUST1185,Keyboard,Accessories,1,1800,0.0,1800.0,1426.16,373.84,Tamil Nadu,Chennai,Debit Card,Cancelled,Small Business
ORD100398,2025-03-29,CUST1169,Smartphone,Electronics,1,25000,0.0,25000.0,18648.45,6351.55,Delhi,New Delhi,Debit Card,Cancelled,Small Business
ORD100399,2025-07-24,CUST1234,Keyboard,Accessories,3,1800,0.0,5400.0,3375.23,2024.77,Delhi,Delhi,Debit Card,Cancelled,Small Business
ORD100400,2025-01-31,CUST1082,Mixer Grinder,Home Appliances,2,3800,0.0,7600.0,4781.56,2818.44,Tamil Nadu,Coimbatore,UPI,Cancelled,Small Business
ORD100401,2025-07-03,CUST1015,Desk,Furniture,2,6500,0.15,11050.0,8886.09,2163.91,Bihar,Gaya,Credit Card,Cancelled,Corporate
ORD100402,2025-06-10,CUST1007,Smartphone,Electronics,1,25000,0.0,25000.0,16438.87,8561.13,West Bengal,Durgapur,Net Banking,Returned,Small Business
ORD100403,2025-11-13,CUST1049,Shoes,Fashion,5,3200,0.15,13600.0,12022.61,1577.39,Karnataka,Mysuru,Cash on Delivery,Delivered,Corporate
ORD100404,2025-11-26,CUST1081,Mouse,Accessories,5,900,0.15,3825.0,2754.02,1070.98,West Bengal,Kolkata,Net Banking,Cancelled,Corporate
ORD100405,2025-05-23,CUST1026,Mixer Grinder,Home Appliances,4,3800,0.05,14440.0,9925.54,4514.46,Maharashtra,Mumbai,Net Banking,Delivered,Small Business
ORD100406,2025-10-21,CUST1230,T-Shirt,Fashion,2,900,0.0,1800.0,1261.8,538.2,West Bengal,Durgapur,UPI,Cancelled,Corporate
ORD100407,2025-01-19,CUST1286,Mouse,Accessories,1,900,0.0,900.0,619.88,280.12,Delhi,Delhi,Net Banking,Delivered,Consumer
ORD100408,2025-12-10,CUST1234,Coffee Maker,Home Appliances,5,4500,0.15,19125.0,14523.91,4601.09,Bihar,Gaya,Debit Card,Delivered,Consumer
ORD100409,2025-11-04,CUST1243,Mixer Grinder,Home Appliances,3,3800,0.15,9690.0,8764.68,925.32,Karnataka,Mysuru,Debit Card,Cancelled,Consumer
ORD100410,2025-05-30,CUST1281,Smartphone,Electronics,3,25000,0.05,71250.0,58693.08,12556.92,Karnataka,Bengaluru,Net Banking,Delivered,Small Business
ORD100411,2025-07-29,CUST1055,Smartphone,Electronics,4,25000,0.0,100000.0,78080.45,21919.55,Uttar Pradesh,Azamgarh,Debit Card,Returned,Consumer
ORD100412,2025-04-08,CUST1174,Smartwatch,Electronics,2,5000,0.1,9000.0,7814.02,1185.98,Delhi,Delhi,UPI,Cancelled,Consumer
ORD100413,2025-09-16,CUST1069,Air Fryer,Home Appliances,4,6500,0.1,23400.0,19366.37,4033.63,Bihar,Patna,Cash on Delivery,Delivered,Small Business
ORD100414,2025-04-01,CUST1297,Jeans,Fashion,5,1800,0.1,8100.0,7230.25,869.75,Uttar Pradesh,Kanpur,Credit Card,Delivered,Consumer
ORD100415,2025-11-08,CUST1128,Office Chair,Furniture,5,8500,0.1,38250.0,29414.52,8835.48,Bihar,Gaya,Debit Card,Cancelled,Corporate
ORD100416,2025-09-20,CUST1154,Keyboard,Accessories,2,1800,0.1,3240.0,2637.2,602.8,Tamil Nadu,Chennai,Net Banking,Delivered,Small Business
ORD100417,2025-05-29,CUST1177,Jeans,Fashion,2,1800,0.0,3600.0,2654.34,945.66,Telangana,Hyderabad,Credit Card,Delivered,Small Business
ORD100418,2025-10-20,CUST1214,Backpack,Bags,3,1800,0.15,4590.0,3810.68,779.32,Rajasthan,Jaipur,Net Banking,Delivered,Corporate
ORD100419,2025-12-10,CUST1029,Coffee Maker,Home Appliances,1,4500,0.1,4050.0,2843.87,1206.13,Uttar Pradesh,Lucknow,Credit Card,Delivered,Consumer
ORD100420,2025-04-15,CUST1278,Keyboard,Accessories,1,1800,0.2,1440.0,1390.61,49.39,Gujarat,Ahmedabad,UPI,Delivered,Corporate
ORD100421,2025-12-23,CUST1148,Smartphone,Electronics,5,25000,0.1,112500.0,81533.88,30966.12,Bihar,Patna,UPI,Cancelled,Corporate
ORD100422,2025-11-14,CUST1227,Office Chair,Furniture,1,8500,0.2,6800.0,5570.01,1229.99,Rajasthan,Jaipur,Credit Card,Delivered,Small Business
ORD100423,2025-12-16,CUST1039,Backpack,Bags,2,1800,0.05,3420.0,2515.46,904.54,Bihar,Patna,Credit Card,Delivered,Small Business
ORD100424,2025-05-16,CUST1067,Backpack,Bags,1,1800,0.1,1620.0,1190.53,429.47,Delhi,Delhi,Credit Card,Returned,Corporate
ORD100425,2025-06-15,CUST1027,Laptop,Electronics,2,55000,0.0,110000.0,69719.62,40280.38,Rajasthan,Jodhpur,Net Banking,Delivered,Corporate
ORD100426,2025-04-23,CUST1095,Coffee Maker,Home Appliances,1,4500,0.2,3600.0,3014.68,585.32,Bihar,Gaya,Net Banking,Delivered,Small Business
ORD100427,2025-04-20,CUST1170,Headphones,Electronics,1,2500,0.05,2375.0,1621.66,753.34,West Bengal,Durgapur,Debit Card,Delivered,Corporate
ORD100428,2025-12-09,CUST1178,Smartwatch,Electronics,5,5000,0.2,20000.0,15048.42,4951.58,Bihar,Gaya,Cash on Delivery,Delivered,Small Business
ORD100429,2025-07-15,CUST1059,Shoes,Fashion,1,3200,0.2,2560.0,2543.5,16.5,Bihar,Patna,Cash on Delivery,Delivered,Small Business
ORD100430,2025-09-18,CUST1229,Jeans,Fashion,5,1800,0.05,8550.0,6418.33,2131.67,Gujarat,Ahmedabad,Cash on Delivery,Delivered,Corporate
ORD100431,2025-03-27,CUST1276,Air Fryer,Home Appliances,5,6500,0.0,32500.0,26279.71,6220.29,Karnataka,Mysuru,Net Banking,Delivered,Small Business
ORD100432,2025-12-26,CUST1223,Smartphone,Electronics,4,25000,0.0,100000.0,64522.75,35477.25,Karnataka,Bengaluru,UPI,Delivered,Consumer
ORD100433,2025-05-09,CUST1286,Desk,Furniture,1,6500,0.0,6500.0,3977.6,2522.4,Rajasthan,Jaipur,UPI,Returned,Consumer
ORD100434,2025-08-10,CUST1162,Air Fryer,Home Appliances,4,6500,0.1,23400.0,19204.84,4195.16,Gujarat,Surat,UPI,Cancelled,Small Business
ORD100435,2025-10-27,CUST1024,Smartphone,Electronics,5,25000,0.0,125000.0,95788.92,29211.08,Telangana,Hyderabad,UPI,Delivered,Small Business
ORD100436,2025-08-13,CUST1196,Smartphone,Electronics,5,25000,0.0,125000.0,82741.73,42258.27,Gujarat,Surat,Cash on Delivery,Delivered,Corporate
ORD100437,2025-10-07,CUST1152,Headphones,Electronics,2,2500,0.2,4000.0,3430.09,569.91,Telangana,Hyderabad,Credit Card,Delivered,Small Business
ORD100438,2025-01-22,CUST1003,Air Fryer,Home Appliances,5,6500,0.15,27625.0,20510.82,7114.18,Rajasthan,Jaipur,Net Banking,Returned,Corporate
ORD100439,2025-06-26,CUST1109,Backpack,Bags,3,1800,0.0,5400.0,4128.98,1271.02,Telangana,Hyderabad,Cash on Delivery,Returned,Consumer
ORD100440,2025-04-03,CUST1291,Headphones,Electronics,5,2500,0.05,11875.0,8034.4,3840.6,Maharashtra,Mumbai,UPI,Returned,Corporate
ORD100441,2025-02-20,CUST1102,T-Shirt,Fashion,3,900,0.2,2160.0,1660.01,499.99,Telangana,Hyderabad,Net Banking,Cancelled,Corporate
ORD100442,2025-02-05,CUST1100,Mouse,Accessories,2,900,0.0,1800.0,1192.91,607.09,Maharashtra,Nagpur,Debit Card,Cancelled,Corporate
ORD100443,2025-07-06,CUST1162,Mouse,Accessories,5,900,0.0,4500.0,3259.9,1240.1,Bihar,Gaya,Cash on Delivery,Delivered,Consumer
ORD100444,2025-03-10,CUST1170,Mouse,Accessories,4,900,0.05,3420.0,2825.37,594.63,Karnataka,Bengaluru,Cash on Delivery,Cancelled,Corporate
ORD100445,2025-11-07,CUST1042,Mouse,Accessories,5,900,0.0,4500.0,2874.01,1625.99,Gujarat,Surat,Debit Card,Delivered,Small Business
ORD100446,2025-11-20,CUST1016,Smartwatch,Electronics,1,5000,0.0,5000.0,3934.55,1065.45,Gujarat,Ahmedabad,Net Banking,Returned,Corporate
ORD100447,2025-10-04,CUST1242,Coffee Maker,Home Appliances,1,4500,0.15,3825.0,2958.01,866.99,Bihar,Patna,Credit Card,Delivered,Corporate
ORD100448,2025-02-16,CUST1204,Smartwatch,Electronics,2,5000,0.1,9000.0,7102.47,1897.53,Bihar,Gaya,Debit Card,Returned,Consumer
ORD100449,2025-04-02,CUST1290,T-Shirt,Fashion,5,900,0.0,4500.0,3141.76,1358.24,Karnataka,Bengaluru,Net Banking,Delivered,Small Business
ORD100450,2025-04-29,CUST1033,Jeans,Fashion,1,1800,0.0,1800.0,1381.54,418.46,Tamil Nadu,Coimbatore,Debit Card,Delivered,Consumer
ORD100451,2025-01-24,CUST1021,Laptop,Electronics,4,55000,0.1,198000.0,176426.45,21573.55,Karnataka,Mysuru,Debit Card,Delivered,Small Business
ORD100452,2025-07-12,CUST1194,Backpack,Bags,5,1800,0.15,7650.0,6528.92,1121.08,Gujarat,Surat,Debit Card,Returned,Small Business
ORD100453,2025-06-30,CUST1177,Air Fryer,Home Appliances,4,6500,0.0,26000.0,18553.65,7446.35,Delhi,Delhi,Cash on Delivery,Cancelled,Small Business
ORD100454,2025-09-21,CUST1144,Laptop,Electronics,4,55000,0.0,220000.0,143131.55,76868.45,Telangana,Hyderabad,Credit Card,Delivered,Consumer
ORD100455,2025-02-28,CUST1247,Headphones,Electronics,2,2500,0.1,4500.0,3892.29,607.71,Rajasthan,Jaipur,Cash on Delivery,Cancelled,Consumer
ORD100456,2025-03-07,CUST1294,Shoes,Fashion,4,3200,0.0,12800.0,8366.18,4433.82,Maharashtra,Nagpur,Net Banking,Delivered,Consumer
ORD100457,2025-05-13,CUST1093,T-Shirt,Fashion,5,900,0.0,4500.0,2755.35,1744.65,Telangana,Hyderabad,Net Banking,Cancelled,Small Business
ORD100458,2025-08-30,CUST1247,Shoes,Fashion,1,3200,0.0,3200.0,2236.24,963.76,Uttar Pradesh,Varanasi,Credit Card,Delivered,Corporate
ORD100459,2025-05-16,CUST1086,Shoes,Fashion,2,3200,0.15,5440.0,4768.79,671.21,Maharashtra,Nagpur,Debit Card,Cancelled,Small Business
ORD100460,2025-01-09,CUST1104,Shoes,Fashion,4,3200,0.1,11520.0,8052.31,3467.69,Delhi,New Delhi,Net Banking,Returned,Small Business
ORD100461,2025-11-11,CUST1020,Office Chair,Furniture,1,8500,0.0,8500.0,5989.88,2510.12,Maharashtra,Nagpur,Net Banking,Returned,Consumer
ORD100462,2025-12-14,CUST1221,Smartphone,Electronics,5,25000,0.15,106250.0,97756.85,8493.15,Tamil Nadu,Chennai,Net Banking,Cancelled,Corporate
ORD100463,2025-07-15,CUST1180,Mixer Grinder,Home Appliances,2,3800,0.1,6840.0,5880.14,959.86,Uttar Pradesh,Kanpur,Net Banking,Returned,Consumer
ORD100464,2025-02-12,CUST1146,Office Chair,Furniture,4,8500,0.0,34000.0,27207.44,6792.56,Maharashtra,Pune,Net Banking,Returned,Corporate
ORD100465,2025-09-24,CUST1004,Keyboard,Accessories,1,1800,0.15,1530.0,1286.93,243.07,Karnataka,Bengaluru,Cash on Delivery,Delivered,Small Business
ORD100466,2025-11-30,CUST1300,Coffee Maker,Home Appliances,3,4500,0.0,13500.0,8559.69,4940.31,Rajasthan,Jodhpur,Debit Card,Delivered,Small Business
ORD100467,2025-07-23,CUST1105,Office Chair,Furniture,5,8500,0.05,40375.0,34773.32,5601.68,Bihar,Gaya,Cash on Delivery,Returned,Small Business
ORD100468,2025-06-07,CUST1296,Desk,Furniture,5,6500,0.15,27625.0,22958.89,4666.11,Maharashtra,Pune,Debit Card,Cancelled,Small Business
ORD100469,2025-02-21,CUST1110,Headphones,Electronics,4,2500,0.2,8000.0,8088.34,-88.34,Delhi,New Delhi,Net Banking,Cancelled,Corporate
ORD100470,2025-01-03,CUST1047,Coffee Maker,Home Appliances,2,4500,0.1,8100.0,7309.85,790.15,Telangana,Hyderabad,Credit Card,Cancelled,Small Business
ORD100471,2025-11-08,CUST1020,Office Chair,Furniture,3,8500,0.0,25500.0,17380.39,8119.61,Delhi,New Delhi,Cash on Delivery,Cancelled,Small Business
ORD100472,2025-03-31,CUST1254,T-Shirt,Fashion,5,900,0.0,4500.0,3636.26,863.74,Telangana,Warangal,Cash on Delivery,Delivered,Consumer
ORD100473,2025-09-19,CUST1265,Mixer Grinder,Home Appliances,2,3800,0.0,7600.0,5870.78,1729.22,Telangana,Warangal,Credit Card,Returned,Consumer
ORD100474,2025-03-22,CUST1045,T-Shirt,Fashion,2,900,0.2,1440.0,1080.11,359.89,Uttar Pradesh,Varanasi,Debit Card,Cancelled,Corporate
ORD100475,2025-12-27,CUST1036,T-Shirt,Fashion,5,900,0.0,4500.0,3212.57,1287.43,West Bengal,Durgapur,UPI,Returned,Corporate
ORD100476,2025-04-10,CUST1233,Jeans,Fashion,3,1800,0.05,5130.0,3508.84,1621.16,Telangana,Warangal,Cash on Delivery,Returned,Consumer
ORD100477,2025-09-15,CUST1151,Keyboard,Accessories,5,1800,0.0,9000.0,6506.09,2493.91,Maharashtra,Pune,Debit Card,Delivered,Small Business
ORD100478,2025-05-05,CUST1174,Keyboard,Accessories,4,1800,0.1,6480.0,5212.06,1267.94,Telangana,Warangal,Cash on Delivery,Cancelled,Small Business
ORD100479,2025-11-21,CUST1113,Mixer Grinder,Home Appliances,1,3800,0.05,3610.0,2336.48,1273.52,Uttar Pradesh,Kanpur,Credit Card,Delivered,Corporate
ORD100480,2025-07-24,CUST1176,Mouse,Accessories,3,900,0.0,2700.0,1790.65,909.35,Telangana,Hyderabad,UPI,Returned,Consumer
ORD100481,2025-12-16,CUST1098,Desk,Furniture,2,6500,0.15,11050.0,8569.56,2480.44,Rajasthan,Jodhpur,Cash on Delivery,Delivered,Consumer
ORD100482,2025-05-08,CUST1183,Jeans,Fashion,2,1800,0.0,3600.0,2320.59,1279.41,Karnataka,Mysuru,Credit Card,Delivered,Consumer
ORD100483,2025-10-05,CUST1022,Air Fryer,Home Appliances,5,6500,0.0,32500.0,24964.35,7535.65,Delhi,Delhi,Cash on Delivery,Delivered,Small Business
ORD100484,2025-09-19,CUST1144,Mouse,Accessories,4,900,0.0,3600.0,2939.64,660.36,Tamil Nadu,Coimbatore,Cash on Delivery,Delivered,Small Business
ORD100485,2025-06-27,CUST1202,Headphones,Electronics,4,2500,0.15,8500.0,6071.64,2428.36,Uttar Pradesh,Kanpur,Credit Card,Cancelled,Consumer
ORD100486,2025-12-12,CUST1108,Jeans,Fashion,3,1800,0.2,4320.0,3250.0,1070.0,Telangana,Warangal,Cash on Delivery,Returned,Consumer
ORD100487,2025-05-18,CUST1242,Mouse,Accessories,2,900,0.15,1530.0,1184.09,345.91,Rajasthan,Jodhpur,Net Banking,Delivered,Corporate
ORD100488,2025-07-10,CUST1187,Headphones,Electronics,2,2500,0.1,4500.0,3770.78,729.22,Tamil Nadu,Coimbatore,Cash on Delivery,Delivered,Corporate
ORD100489,2025-02-21,CUST1139,Headphones,Electronics,5,2500,0.2,10000.0,8128.56,1871.44,Bihar,Patna,Credit Card,Returned,Corporate
ORD100490,2025-01-05,CUST1091,Mixer Grinder,Home Appliances,2,3800,0.2,6080.0,4810.04,1269.96,West Bengal,Kolkata,Cash on Delivery,Cancelled,Consumer
ORD100491,2025-10-18,CUST1025,Air Fryer,Home Appliances,4,6500,0.05,24700.0,17035.57,7664.43,Telangana,Warangal,Cash on Delivery,Delivered,Small Business
ORD100492,2025-02-19,CUST1231,Headphones,Electronics,3,2500,0.1,6750.0,5884.3,865.7,Uttar Pradesh,Azamgarh,Debit Card,Delivered,Corporate
ORD100493,2025-06-29,CUST1102,Mouse,Accessories,3,900,0.0,2700.0,1864.59,835.41,Telangana,Warangal,Net Banking,Returned,Small Business
ORD100494,2025-09-19,CUST1250,T-Shirt,Fashion,3,900,0.05,2565.0,1813.1,751.9,Telangana,Hyderabad,Cash on Delivery,Delivered,Corporate
ORD100495,2025-06-22,CUST1216,Shoes,Fashion,2,3200,0.0,6400.0,4741.94,1658.06,Gujarat,Surat,Net Banking,Returned,Corporate
ORD100496,2025-06-12,CUST1150,Mixer Grinder,Home Appliances,2,3800,0.05,7220.0,4941.58,2278.42,Delhi,New Delhi,Debit Card,Returned,Small Business
ORD100497,2025-08-19,CUST1212,Office Chair,Furniture,3,8500,0.2,20400.0,18592.62,1807.38,Gujarat,Surat,Credit Card,Delivered,Consumer
ORD100498,2025-02-22,CUST1049,Headphones,Electronics,1,2500,0.0,2500.0,1591.8,908.2,Karnataka,Mysuru,UPI,Cancelled,Small Business
ORD100499,2025-11-13,CUST1080,Laptop,Electronics,5,55000,0.0,275000.0,171287.67,103712.33,Uttar Pradesh,Kanpur,UPI,Cancelled,Corporate
ORD100500,2025-09-27,CUST1088,Smartwatch,Electronics,4,5000,0.2,16000.0,12556.21,3443.79,Karnataka,Mysuru,UPI,Delivered,Small Business
ORD100501,2025-10-08,CUST1228,Mouse,Accessories,4,900,0.15,3060.0,2900.41,159.59,Rajasthan,Jodhpur,Credit Card,Returned,Consumer
ORD100502,2025-11-24,CUST1274,Shoes,Fashion,5,3200,0.1,14400.0,11442.58,2957.42,Bihar,Gaya,Debit Card,Delivered,Corporate
ORD100503,2025-05-14,CUST1080,Backpack,Bags,4,1800,0.05,6840.0,4899.4,1940.6,Karnataka,Bengaluru,Debit Card,Delivered,Consumer
ORD100504,2025-12-19,CUST1252,Backpack,Bags,3,1800,0.1,4860.0,3875.7,984.3,Maharashtra,Pune,Cash on Delivery,Delivered,Consumer
ORD100505,2025-10-08,CUST1192,Coffee Maker,Home Appliances,5,4500,0.0,22500.0,17444.0,5056.0,West Bengal,Durgapur,Credit Card,Cancelled,Small Business
ORD100506,2025-07-19,CUST1194,Office Chair,Furniture,2,8500,0.2,13600.0,12956.82,643.18,West Bengal,Kolkata,Credit Card,Delivered,Consumer
ORD100507,2025-05-18,CUST1212,Office Chair,Furniture,3,8500,0.2,20400.0,19467.82,932.18,Karnataka,Mysuru,Credit Card,Delivered,Consumer
ORD100508,2025-12-25,CUST1252,Headphones,Electronics,4,2500,0.15,8500.0,6996.09,1503.91,Gujarat,Ahmedabad,Credit Card,Delivered,Consumer
ORD100509,2025-03-06,CUST1225,Headphones,Electronics,2,2500,0.0,5000.0,3310.33,1689.67,Uttar Pradesh,Lucknow,UPI,Delivered,Consumer
ORD100510,2025-09-13,CUST1191,Headphones,Electronics,2,2500,0.05,4750.0,3462.27,1287.73,Uttar Pradesh,Kanpur,Cash on Delivery,Delivered,Corporate
ORD100511,2025-08-29,CUST1093,Smartphone,Electronics,3,25000,0.1,67500.0,46177.85,21322.15,Maharashtra,Mumbai,Credit Card,Delivered,Corporate
ORD100512,2025-08-15,CUST1127,Mixer Grinder,Home Appliances,2,3800,0.1,6840.0,5849.49,990.51,Uttar Pradesh,Lucknow,UPI,Delivered,Corporate
ORD100513,2025-06-09,CUST1166,Jeans,Fashion,4,1800,0.1,6480.0,5399.4,1080.6,Delhi,New Delhi,Credit Card,Delivered,Small Business
ORD100514,2025-04-12,CUST1185,Air Fryer,Home Appliances,3,6500,0.1,17550.0,14439.25,3110.75,Telangana,Hyderabad,UPI,Delivered,Consumer
ORD100515,2025-10-27,CUST1062,Smartwatch,Electronics,1,5000,0.0,5000.0,3873.83,1126.17,West Bengal,Durgapur,Cash on Delivery,Delivered,Consumer
ORD100516,2025-02-15,CUST1128,Laptop,Electronics,5,55000,0.0,275000.0,187469.62,87530.38,Bihar,Gaya,Credit Card,Cancelled,Consumer
ORD100517,2025-03-20,CUST1275,T-Shirt,Fashion,1,900,0.0,900.0,610.39,289.61,Bihar,Gaya,UPI,Delivered,Corporate
ORD100518,2025-12-19,CUST1194,Smartwatch,Electronics,4,5000,0.2,16000.0,12849.05,3150.95,Rajasthan,Jodhpur,Debit Card,Delivered,Corporate
ORD100519,2025-12-23,CUST1251,Air Fryer,Home Appliances,4,6500,0.15,22100.0,17285.77,4814.23,Uttar Pradesh,Kanpur,Credit Card,Returned,Consumer
ORD100520,2025-11-03,CUST1284,Backpack,Bags,4,1800,0.05,6840.0,5694.38,1145.62,Rajasthan,Jodhpur,Credit Card,Delivered,Small Business
ORD100521,2025-01-01,CUST1260,Headphones,Electronics,3,2500,0.15,6375.0,5105.74,1269.26,Tamil Nadu,Coimbatore,Cash on Delivery,Delivered,Consumer
ORD100522,2025-10-03,CUST1199,Shoes,Fashion,3,3200,0.2,7680.0,5893.78,1786.22,Rajasthan,Jaipur,Credit Card,Returned,Small Business
ORD100523,2025-11-25,CUST1165,Desk,Furniture,5,6500,0.05,30875.0,21806.59,9068.41,Telangana,Hyderabad,UPI,Delivered,Small Business
ORD100524,2025-04-14,CUST1055,T-Shirt,Fashion,2,900,0.0,1800.0,1425.9,374.1,Delhi,New Delhi,Cash on Delivery,Delivered,Consumer
ORD100525,2025-10-30,CUST1132,Laptop,Electronics,4,55000,0.15,187000.0,162200.17,24799.83,Bihar,Gaya,UPI,Delivered,Consumer
ORD100526,2025-02-10,CUST1240,Shoes,Fashion,2,3200,0.2,5120.0,4531.9,588.1,Delhi,New Delhi,UPI,Delivered,Small Business
ORD100527,2025-01-21,CUST1037,Jeans,Fashion,1,1800,0.15,1530.0,1185.26,344.74,West Bengal,Durgapur,Debit Card,Delivered,Consumer
ORD100528,2025-04-09,CUST1270,Backpack,Bags,2,1800,0.15,3060.0,2465.18,594.82,Delhi,New Delhi,Credit Card,Returned,Small Business
ORD100529,2025-12-12,CUST1235,Headphones,Electronics,1,2500,0.2,2000.0,1817.11,182.89,Telangana,Warangal,Cash on Delivery,Delivered,Consumer
ORD100530,2025-03-22,CUST1274,Coffee Maker,Home Appliances,4,4500,0.15,15300.0,12136.55,3163.45,Maharashtra,Nagpur,Net Banking,Cancelled,Corporate
ORD100531,2025-08-09,CUST1166,Air Fryer,Home Appliances,3,6500,0.1,17550.0,14978.35,2571.65,Rajasthan,Jodhpur,Net Banking,Delivered,Small Business
ORD100532,2025-08-20,CUST1230,Backpack,Bags,5,1800,0.2,7200.0,5903.1,1296.9,Karnataka,Mysuru,Cash on Delivery,Delivered,Small Business
ORD100533,2025-06-04,CUST1004,Laptop,Electronics,5,55000,0.0,275000.0,225101.43,49898.57,Gujarat,Ahmedabad,Debit Card,Delivered,Consumer
ORD100534,2025-10-20,CUST1293,Mixer Grinder,Home Appliances,3,3800,0.15,9690.0,8122.27,1567.73,Rajasthan,Jaipur,Credit Card,Delivered,Consumer
ORD100535,2025-10-26,CUST1128,Desk,Furniture,2,6500,0.05,12350.0,8849.86,3500.14,Rajasthan,Jaipur,Credit Card,Delivered,Corporate
ORD100536,2025-06-16,CUST1248,Smartphone,Electronics,5,25000,0.0,125000.0,95192.31,29807.69,Bihar,Gaya,Credit Card,Cancelled,Small Business
ORD100537,2025-10-23,CUST1196,Jeans,Fashion,5,1800,0.2,7200.0,5994.78,1205.22,Bihar,Patna,UPI,Delivered,Corporate
ORD100538,2025-11-05,CUST1006,Mouse,Accessories,1,900,0.0,900.0,688.04,211.96,West Bengal,Durgapur,Cash on Delivery,Delivered,Corporate
ORD100539,2025-09-15,CUST1114,Backpack,Bags,5,1800,0.15,7650.0,5696.17,1953.83,Uttar Pradesh,Varanasi,Credit Card,Delivered,Small Business
ORD100540,2025-04-24,CUST1222,Jeans,Fashion,5,1800,0.15,7650.0,6399.36,1250.64,West Bengal,Durgapur,Debit Card,Cancelled,Consumer
ORD100541,2025-10-08,CUST1205,Headphones,Electronics,4,2500,0.15,8500.0,7639.69,860.31,Rajasthan,Jaipur,Debit Card,Delivered,Corporate
ORD100542,2025-09-07,CUST1203,Backpack,Bags,2,1800,0.1,3240.0,2602.96,637.04,West Bengal,Kolkata,Net Banking,Delivered,Small Business
ORD100543,2025-08-09,CUST1166,Shoes,Fashion,2,3200,0.0,6400.0,4214.89,2185.11,Telangana,Hyderabad,Net Banking,Delivered,Consumer
ORD100544,2025-06-26,CUST1013,T-Shirt,Fashion,3,900,0.05,2565.0,1733.15,831.85,West Bengal,Durgapur,Debit Card,Delivered,Corporate
ORD100545,2025-04-30,CUST1103,Shoes,Fashion,4,3200,0.0,12800.0,10282.58,2517.42,Tamil Nadu,Chennai,Debit Card,Delivered,Small Business
ORD100546,2025-03-17,CUST1148,Mixer Grinder,Home Appliances,1,3800,0.0,3800.0,3073.31,726.69,Delhi,New Delhi,UPI,Delivered,Small Business
ORD100547,2025-04-18,CUST1276,Coffee Maker,Home Appliances,4,4500,0.1,16200.0,10890.08,5309.92,Delhi,Delhi,Credit Card,Delivered,Small Business
ORD100548,2025-12-22,CUST1010,Backpack,Bags,5,1800,0.2,7200.0,7364.76,-164.76,Gujarat,Surat,Cash on Delivery,Returned,Small Business
ORD100549,2025-12-23,CUST1139,Backpack,Bags,2,1800,0.0,3600.0,2384.94,1215.06,Uttar Pradesh,Varanasi,UPI,Cancelled,Small Business
ORD100550,2025-12-04,CUST1185,Laptop,Electronics,3,55000,0.2,132000.0,129930.61,2069.39,Delhi,Delhi,UPI,Delivered,Corporate
ORD100551,2025-02-20,CUST1162,Mixer Grinder,Home Appliances,4,3800,0.15,12920.0,12385.79,534.21,West Bengal,Kolkata,Cash on Delivery,Returned,Small Business
ORD100552,2025-12-31,CUST1012,Smartphone,Electronics,5,25000,0.1,112500.0,90418.91,22081.09,Maharashtra,Mumbai,UPI,Delivered,Small Business
ORD100553,2025-06-27,CUST1181,Keyboard,Accessories,4,1800,0.2,5760.0,4568.7,1191.3,Rajasthan,Jodhpur,Debit Card,Delivered,Consumer
ORD100554,2025-01-16,CUST1285,Backpack,Bags,3,1800,0.1,4860.0,4297.8,562.2,Gujarat,Ahmedabad,Debit Card,Delivered,Consumer
ORD100555,2025-12-14,CUST1117,Mouse,Accessories,1,900,0.2,720.0,615.68,104.32,West Bengal,Kolkata,Cash on Delivery,Delivered,Small Business
ORD100556,2025-03-09,CUST1106,Headphones,Electronics,5,2500,0.05,11875.0,8735.22,3139.78,West Bengal,Durgapur,Credit Card,Returned,Small Business
ORD100557,2025-09-26,CUST1070,T-Shirt,Fashion,3,900,0.2,2160.0,2038.85,121.15,Karnataka,Bengaluru,Cash on Delivery,Delivered,Small Business
ORD100558,2025-03-02,CUST1095,Air Fryer,Home Appliances,3,6500,0.0,19500.0,14090.99,5409.01,Bihar,Patna,Debit Card,Delivered,Small Business
ORD100559,2025-11-23,CUST1141,Laptop,Electronics,4,55000,0.05,209000.0,153441.42,55558.58,Rajasthan,Jodhpur,Credit Card,Delivered,Consumer
ORD100560,2025-10-18,CUST1119,Headphones,Electronics,5,2500,0.15,10625.0,8233.87,2391.13,Maharashtra,Mumbai,Net Banking,Delivered,Consumer
ORD100561,2025-03-10,CUST1258,T-Shirt,Fashion,1,900,0.2,720.0,694.41,25.59,Uttar Pradesh,Varanasi,Net Banking,Cancelled,Small Business
ORD100562,2025-03-25,CUST1099,T-Shirt,Fashion,4,900,0.1,3240.0,2535.29,704.71,Rajasthan,Jaipur,Credit Card,Delivered,Corporate
ORD100563,2025-04-14,CUST1105,Coffee Maker,Home Appliances,4,4500,0.0,18000.0,13739.77,4260.23,Uttar Pradesh,Varanasi,UPI,Delivered,Corporate
ORD100564,2025-08-07,CUST1208,Mixer Grinder,Home Appliances,3,3800,0.1,10260.0,9066.07,1193.93,Bihar,Gaya,UPI,Returned,Small Business
ORD100565,2025-10-20,CUST1275,Mixer Grinder,Home Appliances,4,3800,0.15,12920.0,12260.48,659.52,West Bengal,Durgapur,Net Banking,Delivered,Small Business
ORD100566,2025-07-22,CUST1021,Smartphone,Electronics,1,25000,0.0,25000.0,17852.86,7147.14,Tamil Nadu,Coimbatore,Net Banking,Cancelled,Small Business
ORD100567,2025-06-05,CUST1147,Coffee Maker,Home Appliances,3,4500,0.1,12150.0,9282.18,2867.82,Uttar Pradesh,Azamgarh,Cash on Delivery,Delivered,Corporate
ORD100568,2025-11-27,CUST1232,Keyboard,Accessories,5,1800,0.0,9000.0,6317.89,2682.11,Bihar,Patna,UPI,Returned,Consumer
ORD100569,2025-01-13,CUST1092,Headphones,Electronics,4,2500,0.1,9000.0,6711.61,2288.39,Bihar,Patna,Cash on Delivery,Returned,Small Business
ORD100570,2025-11-29,CUST1084,Air Fryer,Home Appliances,1,6500,0.05,6175.0,4363.43,1811.57,Karnataka,Mysuru,UPI,Delivered,Consumer
ORD100571,2025-09-19,CUST1082,Jeans,Fashion,1,1800,0.15,1530.0,1360.08,169.92,Tamil Nadu,Coimbatore,Cash on Delivery,Returned,Corporate
ORD100572,2025-03-25,CUST1075,Laptop,Electronics,5,55000,0.2,220000.0,217191.68,2808.32,Maharashtra,Pune,Credit Card,Delivered,Corporate
ORD100573,2025-03-09,CUST1104,Keyboard,Accessories,3,1800,0.2,4320.0,3454.67,865.33,Gujarat,Surat,UPI,Returned,Corporate
ORD100574,2025-11-08,CUST1253,Laptop,Electronics,4,55000,0.15,187000.0,171080.8,15919.2,Tamil Nadu,Coimbatore,Credit Card,Delivered,Small Business
ORD100575,2025-11-04,CUST1004,T-Shirt,Fashion,4,900,0.1,3240.0,2222.89,1017.11,Tamil Nadu,Coimbatore,Credit Card,Returned,Corporate
ORD100576,2025-12-01,CUST1179,Shoes,Fashion,1,3200,0.0,3200.0,2024.37,1175.63,Telangana,Hyderabad,UPI,Delivered,Consumer
ORD100577,2025-08-02,CUST1092,T-Shirt,Fashion,3,900,0.0,2700.0,1649.12,1050.88,Bihar,Gaya,Credit Card,Delivered,Small Business
ORD100578,2025-01-19,CUST1048,T-Shirt,Fashion,4,900,0.2,2880.0,2618.54,261.46,Bihar,Patna,Debit Card,Delivered,Corporate
ORD100579,2025-08-30,CUST1069,Air Fryer,Home Appliances,4,6500,0.15,22100.0,15971.38,6128.62,West Bengal,Kolkata,UPI,Delivered,Corporate
ORD100580,2025-10-20,CUST1271,Backpack,Bags,2,1800,0.15,3060.0,2206.08,853.92,West Bengal,Kolkata,UPI,Cancelled,Small Business
ORD100581,2025-05-13,CUST1270,Jeans,Fashion,4,1800,0.15,6120.0,5662.91,457.09,Bihar,Gaya,Net Banking,Returned,Corporate
ORD100582,2025-11-20,CUST1255,Air Fryer,Home Appliances,5,6500,0.1,29250.0,23215.9,6034.1,Maharashtra,Nagpur,Cash on Delivery,Delivered,Small Business
ORD100583,2025-11-17,CUST1061,Smartwatch,Electronics,1,5000,0.0,5000.0,3026.39,1973.61,Gujarat,Ahmedabad,Credit Card,Returned,Corporate
ORD100584,2025-04-19,CUST1006,Office Chair,Furniture,3,8500,0.15,21675.0,19821.9,1853.1,Uttar Pradesh,Varanasi,Credit Card,Delivered,Corporate
ORD100585,2025-01-04,CUST1059,Coffee Maker,Home Appliances,3,4500,0.15,11475.0,9733.48,1741.52,Delhi,Delhi,Debit Card,Delivered,Corporate
ORD100586,2025-06-23,CUST1246,Jeans,Fashion,2,1800,0.0,3600.0,2421.77,1178.23,Bihar,Patna,Cash on Delivery,Delivered,Small Business
ORD100587,2025-08-25,CUST1212,Headphones,Electronics,4,2500,0.15,8500.0,7971.04,528.96,Tamil Nadu,Chennai,UPI,Returned,Corporate
ORD100588,2025-07-01,CUST1034,Shoes,Fashion,2,3200,0.15,5440.0,4805.17,634.83,Rajasthan,Jaipur,Credit Card,Delivered,Consumer
ORD100589,2025-11-01,CUST1060,Mouse,Accessories,5,900,0.15,3825.0,3085.67,739.33,West Bengal,Kolkata,Debit Card,Delivered,Small Business
ORD100590,2025-07-10,CUST1232,Laptop,Electronics,1,55000,0.1,49500.0,43612.29,5887.71,Gujarat,Surat,Debit Card,Delivered,Small Business
ORD100591,2025-02-17,CUST1228,Keyboard,Accessories,3,1800,0.0,5400.0,4164.01,1235.99,Maharashtra,Mumbai,Net Banking,Delivered,Corporate
ORD100592,2025-09-26,CUST1159,Air Fryer,Home Appliances,2,6500,0.05,12350.0,10441.6,1908.4,Telangana,Hyderabad,Debit Card,Delivered,Consumer
ORD100593,2025-07-18,CUST1268,Mixer Grinder,Home Appliances,2,3800,0.2,6080.0,4621.12,1458.88,Telangana,Hyderabad,UPI,Delivered,Corporate
ORD100594,2025-02-22,CUST1267,Air Fryer,Home Appliances,3,6500,0.1,17550.0,15514.61,2035.39,Uttar Pradesh,Lucknow,Debit Card,Delivered,Small Business
ORD100595,2025-05-22,CUST1273,Coffee Maker,Home Appliances,3,4500,0.0,13500.0,8671.86,4828.14,Gujarat,Ahmedabad,Debit Card,Cancelled,Small Business
ORD100596,2025-11-15,CUST1287,Smartphone,Electronics,2,25000,0.05,47500.0,31259.06,16240.94,Gujarat,Ahmedabad,Net Banking,Delivered,Consumer
ORD100597,2025-05-26,CUST1294,Backpack,Bags,3,1800,0.0,5400.0,4360.61,1039.39,Rajasthan,Jodhpur,Credit Card,Delivered,Consumer
ORD100598,2025-01-15,CUST1242,Keyboard,Accessories,5,1800,0.1,8100.0,5500.44,2599.56,Bihar,Gaya,UPI,Delivered,Corporate
ORD100599,2025-10-31,CUST1229,Laptop,Electronics,4,55000,0.0,220000.0,166106.4,53893.6,Delhi,Delhi,Net Banking,Delivered,Corporate
ORD100600,2025-12-24,CUST1240,Mouse,Accessories,4,900,0.15,3060.0,2264.38,795.62,Karnataka,Bengaluru,UPI,Cancelled,Corporate
ORD100601,2025-11-12,CUST1133,T-Shirt,Fashion,2,900,0.0,1800.0,1136.91,663.09,Tamil Nadu,Coimbatore,Debit Card,Cancelled,Consumer
ORD100602,2025-09-01,CUST1058,Jeans,Fashion,4,1800,0.1,6480.0,4367.94,2112.06,Rajasthan,Jodhpur,Debit Card,Cancelled,Corporate
ORD100603,2025-09-18,CUST1053,Mixer Grinder,Home Appliances,3,3800,0.15,9690.0,8281.29,1408.71,Maharashtra,Pune,Cash on Delivery,Delivered,Corporate
ORD100604,2025-07-31,CUST1123,Backpack,Bags,5,1800,0.1,8100.0,6193.62,1906.38,Delhi,Delhi,Net Banking,Delivered,Small Business
ORD100605,2025-12-22,CUST1221,Headphones,Electronics,1,2500,0.05,2375.0,1614.53,760.47,Tamil Nadu,Coimbatore,Cash on Delivery,Returned,Corporate
ORD100606,2025-10-21,CUST1250,Backpack,Bags,1,1800,0.2,1440.0,1448.62,-8.62,Karnataka,Bengaluru,UPI,Returned,Small Business
ORD100607,2025-07-27,CUST1036,Desk,Furniture,4,6500,0.0,26000.0,17361.96,8638.04,Rajasthan,Jaipur,Net Banking,Delivered,Small Business
ORD100608,2025-02-01,CUST1047,Mixer Grinder,Home Appliances,3,3800,0.1,10260.0,8457.63,1802.37,Bihar,Gaya,Credit Card,Delivered,Small Business
ORD100609,2025-07-19,CUST1296,Air Fryer,Home Appliances,2,6500,0.1,11700.0,9319.39,2380.61,Uttar Pradesh,Azamgarh,Cash on Delivery,Delivered,Consumer
ORD100610,2025-08-11,CUST1177,T-Shirt,Fashion,5,900,0.2,3600.0,3001.5,598.5,Rajasthan,Jodhpur,UPI,Returned,Consumer
ORD100611,2025-10-09,CUST1028,Shoes,Fashion,2,3200,0.05,6080.0,3927.87,2152.13,Telangana,Warangal,UPI,Returned,Corporate
ORD100612,2025-07-21,CUST1163,Smartphone,Electronics,2,25000,0.1,45000.0,37724.44,7275.56,Gujarat,Ahmedabad,Cash on Delivery,Cancelled,Corporate
ORD100613,2025-10-12,CUST1197,Office Chair,Furniture,2,8500,0.1,15300.0,10720.12,4579.88,Telangana,Hyderabad,Debit Card,Cancelled,Consumer
ORD100614,2025-03-15,CUST1250,Keyboard,Accessories,1,1800,0.0,1800.0,1336.76,463.24,Maharashtra,Mumbai,Cash on Delivery,Delivered,Consumer
ORD100615,2025-08-21,CUST1261,Headphones,Electronics,5,2500,0.1,11250.0,9213.93,2036.07,West Bengal,Durgapur,Cash on Delivery,Returned,Corporate
ORD100616,2025-10-23,CUST1256,Office Chair,Furniture,2,8500,0.1,15300.0,12461.1,2838.9,Rajasthan,Jaipur,Credit Card,Returned,Corporate
ORD100617,2025-12-27,CUST1189,Office Chair,Furniture,1,8500,0.0,8500.0,6162.44,2337.56,Telangana,Warangal,UPI,Returned,Corporate
ORD100618,2025-02-10,CUST1268,Jeans,Fashion,5,1800,0.05,8550.0,6320.57,2229.43,Delhi,New Delhi,Net Banking,Delivered,Consumer
ORD100619,2025-10-01,CUST1006,Desk,Furniture,5,6500,0.0,32500.0,25960.63,6539.37,Delhi,Delhi,Cash on Delivery,Cancelled,Small Business
ORD100620,2025-05-31,CUST1149,Air Fryer,Home Appliances,4,6500,0.05,24700.0,21094.53,3605.47,Tamil Nadu,Coimbatore,Credit Card,Delivered,Small Business
ORD100621,2025-08-31,CUST1297,Air Fryer,Home Appliances,5,6500,0.05,30875.0,19939.14,10935.86,Bihar,Gaya,Credit Card,Returned,Consumer
ORD100622,2025-09-16,CUST1040,T-Shirt,Fashion,3,900,0.1,2430.0,1669.01,760.99,Gujarat,Ahmedabad,Debit Card,Delivered,Consumer
ORD100623,2025-11-06,CUST1090,Shoes,Fashion,3,3200,0.0,9600.0,7325.9,2274.1,Gujarat,Surat,Net Banking,Delivered,Small Business
ORD100624,2025-04-03,CUST1271,Desk,Furniture,3,6500,0.2,15600.0,12713.28,2886.72,Rajasthan,Jaipur,UPI,Delivered,Consumer
ORD100625,2025-05-02,CUST1226,Headphones,Electronics,4,2500,0.1,9000.0,7694.81,1305.19,Bihar,Patna,Credit Card,Delivered,Small Business
ORD100626,2025-08-26,CUST1205,Jeans,Fashion,3,1800,0.0,5400.0,3302.4,2097.6,Rajasthan,Jaipur,Cash on Delivery,Delivered,Corporate
ORD100627,2025-08-31,CUST1135,Jeans,Fashion,4,1800,0.2,5760.0,5437.68,322.32,Telangana,Hyderabad,Credit Card,Returned,Corporate
ORD100628,2025-09-29,CUST1022,Laptop,Electronics,4,55000,0.2,176000.0,147279.33,28720.67,Gujarat,Surat,UPI,Returned,Small Business
ORD100629,2025-02-20,CUST1131,Mouse,Accessories,3,900,0.05,2565.0,1778.65,786.35,West Bengal,Durgapur,Net Banking,Cancelled,Corporate
ORD100630,2025-04-03,CUST1161,Coffee Maker,Home Appliances,5,4500,0.05,21375.0,16854.7,4520.3,Karnataka,Bengaluru,Net Banking,Delivered,Small Business
ORD100631,2025-12-17,CUST1229,Laptop,Electronics,4,55000,0.0,220000.0,157422.79,62577.21,Delhi,New Delhi,Debit Card,Delivered,Small Business
ORD100632,2025-01-30,CUST1112,Keyboard,Accessories,1,1800,0.0,1800.0,1325.28,474.72,Gujarat,Ahmedabad,Net Banking,Delivered,Small Business
ORD100633,2025-11-28,CUST1290,Smartphone,Electronics,4,25000,0.2,80000.0,76804.87,3195.13,Delhi,New Delhi,Credit Card,Delivered,Small Business
ORD100634,2025-11-24,CUST1233,Headphones,Electronics,4,2500,0.2,8000.0,8059.6,-59.6,Gujarat,Surat,Debit Card,Cancelled,Small Business
ORD100635,2025-02-01,CUST1196,Air Fryer,Home Appliances,2,6500,0.0,13000.0,8593.04,4406.96,Rajasthan,Jodhpur,Cash on Delivery,Delivered,Consumer
ORD100636,2025-04-13,CUST1202,Keyboard,Accessories,4,1800,0.0,7200.0,5098.89,2101.11,Gujarat,Ahmedabad,Credit Card,Cancelled,Consumer
ORD100637,2025-08-15,CUST1133,Headphones,Electronics,2,2500,0.15,4250.0,3707.67,542.33,Telangana,Warangal,UPI,Delivered,Consumer
ORD100638,2025-03-18,CUST1001,Smartphone,Electronics,4,25000,0.0,100000.0,79723.27,20276.73,Bihar,Gaya,UPI,Cancelled,Corporate
ORD100639,2025-09-09,CUST1245,Headphones,Electronics,5,2500,0.0,12500.0,8917.3,3582.7,Rajasthan,Jodhpur,Cash on Delivery,Cancelled,Small Business
ORD100640,2025-09-04,CUST1063,Coffee Maker,Home Appliances,1,4500,0.1,4050.0,3644.61,405.39,Delhi,New Delhi,Net Banking,Returned,Corporate
ORD100641,2025-11-28,CUST1047,Mouse,Accessories,1,900,0.2,720.0,737.41,-17.41,Gujarat,Surat,Debit Card,Returned,Corporate
ORD100642,2025-07-16,CUST1098,Smartphone,Electronics,2,25000,0.0,50000.0,36099.23,13900.77,Tamil Nadu,Coimbatore,Debit Card,Cancelled,Consumer
ORD100643,2025-04-08,CUST1072,T-Shirt,Fashion,1,900,0.2,720.0,626.72,93.28,Rajasthan,Jodhpur,UPI,Delivered,Consumer
ORD100644,2025-10-04,CUST1158,Jeans,Fashion,4,1800,0.1,6480.0,4419.78,2060.22,Bihar,Patna,Cash on Delivery,Returned,Corporate
ORD100645,2025-01-22,CUST1208,Laptop,Electronics,1,55000,0.05,52250.0,42532.12,9717.88,Uttar Pradesh,Varanasi,UPI,Delivered,Small Business
ORD100646,2025-04-30,CUST1037,T-Shirt,Fashion,5,900,0.0,4500.0,3433.64,1066.36,Telangana,Warangal,UPI,Delivered,Corporate
ORD100647,2025-11-29,CUST1067,T-Shirt,Fashion,5,900,0.0,4500.0,2940.26,1559.74,Uttar Pradesh,Kanpur,UPI,Delivered,Small Business
ORD100648,2025-10-30,CUST1033,Laptop,Electronics,4,55000,0.15,187000.0,140261.37,46738.63,Gujarat,Ahmedabad,UPI,Delivered,Corporate
ORD100649,2025-12-14,CUST1206,Shoes,Fashion,1,3200,0.0,3200.0,2220.05,979.95,Bihar,Patna,Debit Card,Delivered,Small Business
ORD100650,2025-10-31,CUST1089,Shoes,Fashion,3,3200,0.0,9600.0,7374.05,2225.95,Telangana,Hyderabad,Debit Card,Delivered,Consumer
ORD100651,2025-03-26,CUST1225,Keyboard,Accessories,2,1800,0.2,2880.0,2452.98,427.02,Maharashtra,Pune,Credit Card,Returned,Consumer
ORD100652,2025-02-11,CUST1004,Headphones,Electronics,2,2500,0.0,5000.0,3967.59,1032.41,Delhi,Delhi,UPI,Delivered,Consumer
ORD100653,2025-09-01,CUST1065,Jeans,Fashion,4,1800,0.2,5760.0,5598.94,161.06,Bihar,Gaya,Credit Card,Delivered,Small Business
ORD100654,2025-11-09,CUST1020,Keyboard,Accessories,4,1800,0.0,7200.0,5805.93,1394.07,Telangana,Warangal,Net Banking,Delivered,Small Business
ORD100655,2025-10-13,CUST1121,Desk,Furniture,3,6500,0.05,18525.0,13496.59,5028.41,Bihar,Patna,Credit Card,Delivered,Small Business
ORD100656,2025-11-17,CUST1107,Smartphone,Electronics,5,25000,0.15,106250.0,81030.09,25219.91,Bihar,Gaya,Debit Card,Delivered,Consumer
ORD100657,2025-12-10,CUST1023,Smartphone,Electronics,4,25000,0.1,90000.0,63879.12,26120.88,Maharashtra,Nagpur,UPI,Delivered,Corporate
ORD100658,2025-08-21,CUST1023,Smartwatch,Electronics,3,5000,0.15,12750.0,11657.01,1092.99,West Bengal,Durgapur,UPI,Delivered,Small Business
ORD100659,2025-05-01,CUST1228,Headphones,Electronics,4,2500,0.15,8500.0,6255.34,2244.66,Maharashtra,Mumbai,Net Banking,Returned,Corporate
ORD100660,2025-02-20,CUST1122,Office Chair,Furniture,2,8500,0.0,17000.0,11419.73,5580.27,Karnataka,Mysuru,Cash on Delivery,Delivered,Corporate
ORD100661,2025-08-12,CUST1075,Air Fryer,Home Appliances,4,6500,0.15,22100.0,18370.81,3729.19,Karnataka,Bengaluru,Credit Card,Returned,Corporate
ORD100662,2025-11-20,CUST1184,Headphones,Electronics,2,2500,0.1,4500.0,3791.8,708.2,West Bengal,Durgapur,Debit Card,Delivered,Corporate
ORD100663,2025-08-27,CUST1235,Headphones,Electronics,3,2500,0.0,7500.0,4683.33,2816.67,Uttar Pradesh,Lucknow,Cash on Delivery,Delivered,Corporate
ORD100664,2025-10-11,CUST1118,Smartwatch,Electronics,5,5000,0.0,25000.0,18179.67,6820.33,Gujarat,Ahmedabad,UPI,Cancelled,Small Business
ORD100665,2025-08-08,CUST1127,Desk,Furniture,4,6500,0.05,24700.0,15682.96,9017.04,Karnataka,Mysuru,Credit Card,Delivered,Corporate
ORD100666,2025-01-23,CUST1021,Shoes,Fashion,5,3200,0.0,16000.0,11070.56,4929.44,Karnataka,Bengaluru,Cash on Delivery,Returned,Consumer
ORD100667,2025-08-20,CUST1254,Office Chair,Furniture,4,8500,0.2,27200.0,26543.26,656.74,Telangana,Warangal,Credit Card,Delivered,Small Business
ORD100668,2025-05-03,CUST1047,Coffee Maker,Home Appliances,2,4500,0.0,9000.0,6109.64,2890.36,Uttar Pradesh,Kanpur,UPI,Cancelled,Small Business
ORD100669,2025-01-13,CUST1233,Keyboard,Accessories,4,1800,0.15,6120.0,5503.7,616.3,Maharashtra,Nagpur,Cash on Delivery,Delivered,Small Business
ORD100670,2025-11-18,CUST1037,Office Chair,Furniture,4,8500,0.2,27200.0,25137.85,2062.15,Maharashtra,Pune,Cash on Delivery,Delivered,Small Business
ORD100671,2025-10-05,CUST1295,Laptop,Electronics,3,55000,0.2,132000.0,133343.27,-1343.27,Gujarat,Surat,Credit Card,Delivered,Small Business
ORD100672,2025-01-27,CUST1057,Air Fryer,Home Appliances,5,6500,0.2,26000.0,22102.53,3897.47,Rajasthan,Jaipur,Cash on Delivery,Delivered,Corporate
ORD100673,2025-12-27,CUST1035,Shoes,Fashion,3,3200,0.0,9600.0,7128.94,2471.06,Uttar Pradesh,Varanasi,Net Banking,Delivered,Consumer
ORD100674,2025-10-25,CUST1108,Mouse,Accessories,4,900,0.2,2880.0,2903.81,-23.81,Karnataka,Bengaluru,Credit Card,Delivered,Corporate
ORD100675,2025-06-26,CUST1232,Air Fryer,Home Appliances,3,6500,0.0,19500.0,11971.85,7528.15,Gujarat,Surat,Cash on Delivery,Returned,Small Business
ORD100676,2025-05-30,CUST1232,Mixer Grinder,Home Appliances,5,3800,0.2,15200.0,14850.08,349.92,Delhi,Delhi,Net Banking,Delivered,Small Business
ORD100677,2025-04-02,CUST1148,Jeans,Fashion,4,1800,0.0,7200.0,4446.99,2753.01,Delhi,New Delhi,UPI,Delivered,Consumer
ORD100678,2025-09-24,CUST1012,Keyboard,Accessories,4,1800,0.0,7200.0,5705.99,1494.01,Delhi,New Delhi,Debit Card,Cancelled,Small Business
ORD100679,2025-11-27,CUST1011,Backpack,Bags,3,1800,0.1,4860.0,3767.31,1092.69,Maharashtra,Pune,Debit Card,Delivered,Consumer
ORD100680,2025-11-27,CUST1168,Laptop,Electronics,4,55000,0.15,187000.0,148591.16,38408.84,Karnataka,Mysuru,Cash on Delivery,Returned,Small Business
ORD100681,2025-06-06,CUST1088,Jeans,Fashion,4,1800,0.05,6840.0,5218.53,1621.47,Telangana,Warangal,Debit Card,Delivered,Corporate
ORD100682,2025-03-27,CUST1083,Mouse,Accessories,2,900,0.05,1710.0,1192.62,517.38,Gujarat,Ahmedabad,Net Banking,Delivered,Consumer
ORD100683,2025-06-12,CUST1295,Headphones,Electronics,2,2500,0.0,5000.0,3045.27,1954.73,Maharashtra,Mumbai,Credit Card,Cancelled,Corporate
ORD100684,2025-06-12,CUST1177,Mouse,Accessories,5,900,0.2,3600.0,2734.34,865.66,Maharashtra,Mumbai,Credit Card,Delivered,Corporate
ORD100685,2025-07-27,CUST1256,Backpack,Bags,3,1800,0.0,5400.0,4333.48,1066.52,Maharashtra,Nagpur,Credit Card,Cancelled,Corporate
ORD100686,2025-10-21,CUST1076,Headphones,Electronics,3,2500,0.1,6750.0,5978.36,771.64,Uttar Pradesh,Varanasi,Net Banking,Cancelled,Corporate
ORD100687,2025-03-01,CUST1158,Jeans,Fashion,1,1800,0.0,1800.0,1348.49,451.51,Delhi,Delhi,UPI,Cancelled,Small Business
ORD100688,2025-11-08,CUST1100,Mixer Grinder,Home Appliances,3,3800,0.0,11400.0,7658.53,3741.47,Karnataka,Mysuru,Net Banking,Returned,Consumer
ORD100689,2025-08-17,CUST1045,Coffee Maker,Home Appliances,1,4500,0.0,4500.0,3233.03,1266.97,Gujarat,Ahmedabad,Net Banking,Cancelled,Consumer
ORD100690,2025-08-07,CUST1190,Desk,Furniture,3,6500,0.1,17550.0,12334.69,5215.31,Rajasthan,Jaipur,Cash on Delivery,Delivered,Consumer
ORD100691,2025-02-14,CUST1111,Keyboard,Accessories,3,1800,0.1,4860.0,4278.67,581.33,Rajasthan,Jodhpur,Cash on Delivery,Cancelled,Corporate
ORD100692,2025-03-13,CUST1045,Keyboard,Accessories,4,1800,0.2,5760.0,5739.94,20.06,Maharashtra,Nagpur,Credit Card,Delivered,Corporate
ORD100693,2025-02-15,CUST1004,Desk,Furniture,1,6500,0.15,5525.0,4981.24,543.76,Telangana,Warangal,Cash on Delivery,Delivered,Corporate
ORD100694,2025-07-15,CUST1149,Headphones,Electronics,5,2500,0.0,12500.0,8047.96,4452.04,Telangana,Warangal,Net Banking,Cancelled,Consumer
ORD100695,2025-04-25,CUST1014,Mixer Grinder,Home Appliances,4,3800,0.15,12920.0,11594.08,1325.92,Gujarat,Surat,UPI,Delivered,Corporate
ORD100696,2025-12-19,CUST1126,Keyboard,Accessories,3,1800,0.1,4860.0,3453.09,1406.91,Tamil Nadu,Chennai,UPI,Delivered,Corporate
ORD100697,2025-05-13,CUST1244,Desk,Furniture,5,6500,0.1,29250.0,23543.86,5706.14,Delhi,Delhi,UPI,Delivered,Small Business
ORD100698,2025-03-16,CUST1164,Jeans,Fashion,3,1800,0.0,5400.0,3931.01,1468.99,Bihar,Patna,Cash on Delivery,Delivered,Corporate
ORD100699,2025-07-02,CUST1025,Headphones,Electronics,3,2500,0.1,6750.0,5549.81,1200.19,Uttar Pradesh,Varanasi,Debit Card,Delivered,Small Business
ORD100700,2025-03-27,CUST1279,T-Shirt,Fashion,2,900,0.0,1800.0,1317.11,482.89,Delhi,New Delhi,Debit Card,Delivered,Small Business
ORD100701,2025-06-30,CUST1074,Coffee Maker,Home Appliances,3,4500,0.0,13500.0,9687.23,3812.77,Gujarat,Surat,UPI,Delivered,Small Business
ORD100702,2025-03-25,CUST1053,Keyboard,Accessories,4,1800,0.05,6840.0,5778.72,1061.28,Rajasthan,Jodhpur,Credit Card,Delivered,Small Business
ORD100703,2025-03-01,CUST1068,Smartwatch,Electronics,4,5000,0.1,18000.0,16030.54,1969.46,Karnataka,Bengaluru,UPI,Cancelled,Corporate
ORD100704,2025-06-25,CUST1089,Keyboard,Accessories,4,1800,0.15,6120.0,5148.62,971.38,Rajasthan,Jaipur,Debit Card,Delivered,Small Business
ORD100705,2025-04-27,CUST1158,Mixer Grinder,Home Appliances,2,3800,0.2,6080.0,4798.02,1281.98,Delhi,New Delhi,Credit Card,Delivered,Consumer
ORD100706,2025-08-09,CUST1022,Smartphone,Electronics,1,25000,0.0,25000.0,19260.81,5739.19,West Bengal,Kolkata,Credit Card,Delivered,Consumer
ORD100707,2025-01-23,CUST1034,Coffee Maker,Home Appliances,4,4500,0.0,18000.0,14397.78,3602.22,Telangana,Hyderabad,Debit Card,Delivered,Consumer
ORD100708,2025-06-29,CUST1015,Coffee Maker,Home Appliances,5,4500,0.0,22500.0,14414.67,8085.33,Delhi,New Delhi,UPI,Delivered,Small Business
ORD100709,2025-11-10,CUST1124,Keyboard,Accessories,3,1800,0.0,5400.0,4255.9,1144.1,Bihar,Gaya,Net Banking,Returned,Consumer
ORD100710,2025-05-25,CUST1088,Smartphone,Electronics,5,25000,0.0,125000.0,94684.82,30315.18,Bihar,Patna,Net Banking,Delivered,Small Business
ORD100711,2025-08-14,CUST1055,Smartphone,Electronics,3,25000,0.2,60000.0,54724.78,5275.22,Karnataka,Mysuru,Credit Card,Delivered,Corporate
ORD100712,2025-06-10,CUST1064,Office Chair,Furniture,4,8500,0.0,34000.0,26095.34,7904.66,Karnataka,Bengaluru,Cash on Delivery,Delivered,Small Business
ORD100713,2025-02-12,CUST1168,Headphones,Electronics,3,2500,0.15,6375.0,5691.53,683.47,Tamil Nadu,Coimbatore,Cash on Delivery,Delivered,Corporate
ORD100714,2025-05-29,CUST1220,Keyboard,Accessories,4,1800,0.0,7200.0,5197.4,2002.6,Tamil Nadu,Coimbatore,Credit Card,Delivered,Corporate
ORD100715,2025-02-23,CUST1203,T-Shirt,Fashion,1,900,0.2,720.0,637.35,82.65,Rajasthan,Jaipur,Cash on Delivery,Returned,Small Business
ORD100716,2025-10-30,CUST1053,T-Shirt,Fashion,2,900,0.1,1620.0,1238.65,381.35,Delhi,New Delhi,Credit Card,Delivered,Corporate
ORD100717,2025-08-06,CUST1256,Smartwatch,Electronics,5,5000,0.1,22500.0,15675.19,6824.81,Rajasthan,Jaipur,Debit Card,Returned,Small Business
ORD100718,2025-07-27,CUST1249,Keyboard,Accessories,4,1800,0.2,5760.0,5275.41,484.59,West Bengal,Durgapur,Net Banking,Delivered,Consumer
ORD100719,2025-04-29,CUST1069,Coffee Maker,Home Appliances,1,4500,0.05,4275.0,3184.45,1090.55,Tamil Nadu,Chennai,UPI,Delivered,Small Business
ORD100720,2025-12-14,CUST1168,Laptop,Electronics,1,55000,0.0,55000.0,37629.86,17370.14,Delhi,Delhi,Credit Card,Delivered,Small Business
ORD100721,2025-04-14,CUST1151,Shoes,Fashion,5,3200,0.1,14400.0,12390.41,2009.59,Delhi,New Delhi,Cash on Delivery,Cancelled,Small Business
ORD100722,2025-01-17,CUST1221,Keyboard,Accessories,5,1800,0.15,7650.0,5434.99,2215.01,Telangana,Warangal,UPI,Cancelled,Corporate
ORD100723,2025-10-13,CUST1156,Mouse,Accessories,4,900,0.0,3600.0,2186.02,1413.98,West Bengal,Durgapur,Credit Card,Cancelled,Corporate
ORD100724,2025-09-09,CUST1284,Headphones,Electronics,4,2500,0.0,10000.0,7251.48,2748.52,Gujarat,Surat,Net Banking,Returned,Corporate
ORD100725,2025-09-11,CUST1194,Desk,Furniture,5,6500,0.0,32500.0,22298.4,10201.6,Telangana,Hyderabad,Net Banking,Delivered,Corporate
ORD100726,2025-07-07,CUST1179,Mouse,Accessories,5,900,0.0,4500.0,2826.92,1673.08,Uttar Pradesh,Lucknow,Net Banking,Delivered,Small Business
ORD100727,2025-07-30,CUST1180,Mouse,Accessories,4,900,0.05,3420.0,2945.62,474.38,West Bengal,Kolkata,UPI,Delivered,Consumer
ORD100728,2025-03-28,CUST1011,Smartwatch,Electronics,1,5000,0.05,4750.0,3125.92,1624.08,Gujarat,Ahmedabad,Net Banking,Delivered,Consumer
ORD100729,2025-10-29,CUST1012,Desk,Furniture,3,6500,0.0,19500.0,14685.66,4814.34,West Bengal,Durgapur,Debit Card,Cancelled,Small Business
ORD100730,2025-04-16,CUST1173,Office Chair,Furniture,4,8500,0.0,34000.0,25567.66,8432.34,Rajasthan,Jaipur,Cash on Delivery,Returned,Small Business
ORD100731,2025-04-14,CUST1255,Mouse,Accessories,3,900,0.05,2565.0,2195.84,369.16,Maharashtra,Nagpur,UPI,Returned,Consumer
ORD100732,2025-04-26,CUST1048,Keyboard,Accessories,3,1800,0.15,4590.0,3717.61,872.39,Gujarat,Ahmedabad,Net Banking,Delivered,Small Business
ORD100733,2025-04-18,CUST1178,Mouse,Accessories,5,900,0.15,3825.0,3170.52,654.48,Gujarat,Ahmedabad,UPI,Delivered,Small Business
ORD100734,2025-07-25,CUST1129,Coffee Maker,Home Appliances,5,4500,0.05,21375.0,14490.38,6884.62,Gujarat,Surat,Net Banking,Returned,Corporate
ORD100735,2025-04-06,CUST1296,T-Shirt,Fashion,1,900,0.2,720.0,679.26,40.74,Telangana,Hyderabad,Cash on Delivery,Delivered,Small Business
ORD100736,2025-08-11,CUST1290,Mixer Grinder,Home Appliances,5,3800,0.15,16150.0,14964.6,1185.4,Tamil Nadu,Coimbatore,UPI,Returned,Consumer
ORD100737,2025-06-03,CUST1223,Mouse,Accessories,2,900,0.0,1800.0,1375.59,424.41,Tamil Nadu,Chennai,Cash on Delivery,Delivered,Consumer
ORD100738,2025-05-12,CUST1121,T-Shirt,Fashion,3,900,0.05,2565.0,2003.75,561.25,Karnataka,Mysuru,Cash on Delivery,Delivered,Consumer
ORD100739,2025-10-14,CUST1224,Headphones,Electronics,2,2500,0.05,4750.0,3510.58,1239.42,Karnataka,Bengaluru,Cash on Delivery,Delivered,Consumer
ORD100740,2025-05-23,CUST1282,Headphones,Electronics,1,2500,0.05,2375.0,1934.32,440.68,Gujarat,Ahmedabad,Credit Card,Delivered,Small Business
ORD100741,2025-02-02,CUST1209,Desk,Furniture,1,6500,0.05,6175.0,4760.29,1414.71,Uttar Pradesh,Lucknow,Debit Card,Delivered,Corporate
ORD100742,2025-03-03,CUST1268,Mixer Grinder,Home Appliances,1,3800,0.15,3230.0,2894.03,335.97,Maharashtra,Mumbai,Net Banking,Returned,Corporate
ORD100743,2025-06-10,CUST1169,Desk,Furniture,5,6500,0.0,32500.0,25028.31,7471.69,Delhi,New Delhi,Net Banking,Cancelled,Small Business
ORD100744,2025-04-20,CUST1141,Jeans,Fashion,2,1800,0.0,3600.0,2244.6,1355.4,Karnataka,Mysuru,Cash on Delivery,Cancelled,Corporate
ORD100745,2025-02-27,CUST1163,Mixer Grinder,Home Appliances,4,3800,0.15,12920.0,10373.01,2546.99,Bihar,Patna,Net Banking,Cancelled,Corporate
ORD100746,2025-07-08,CUST1158,T-Shirt,Fashion,2,900,0.05,1710.0,1268.19,441.81,Karnataka,Mysuru,UPI,Returned,Consumer
ORD100747,2025-11-24,CUST1186,Mixer Grinder,Home Appliances,3,3800,0.15,9690.0,7804.8,1885.2,Uttar Pradesh,Azamgarh,UPI,Returned,Consumer
ORD100748,2025-05-11,CUST1155,Mixer Grinder,Home Appliances,1,3800,0.1,3420.0,3055.4,364.6,Tamil Nadu,Coimbatore,UPI,Delivered,Corporate
ORD100749,2025-01-18,CUST1141,Smartwatch,Electronics,3,5000,0.2,12000.0,10340.75,1659.25,Maharashtra,Pune,UPI,Cancelled,Corporate
ORD100750,2025-12-24,CUST1134,Jeans,Fashion,4,1800,0.0,7200.0,5625.85,1574.15,West Bengal,Durgapur,Net Banking,Delivered,Corporate
ORD100751,2025-01-27,CUST1095,Office Chair,Furniture,4,8500,0.2,27200.0,20604.58,6595.42,Bihar,Gaya,Cash on Delivery,Delivered,Consumer
ORD100752,2025-03-22,CUST1128,Office Chair,Furniture,3,8500,0.15,21675.0,15761.32,5913.68,Karnataka,Mysuru,Net Banking,Delivered,Small Business
ORD100753,2025-03-10,CUST1134,T-Shirt,Fashion,4,900,0.1,3240.0,2851.82,388.18,West Bengal,Durgapur,Credit Card,Returned,Corporate
ORD100754,2025-07-21,CUST1194,Coffee Maker,Home Appliances,1,4500,0.1,4050.0,3063.92,986.08,Gujarat,Ahmedabad,Net Banking,Delivered,Consumer
ORD100755,2025-12-26,CUST1087,Laptop,Electronics,1,55000,0.1,49500.0,35399.02,14100.98,Telangana,Hyderabad,UPI,Cancelled,Small Business
ORD100756,2025-03-29,CUST1291,Office Chair,Furniture,2,8500,0.0,17000.0,13783.04,3216.96,Bihar,Gaya,UPI,Delivered,Small Business
ORD100757,2025-04-15,CUST1098,Backpack,Bags,4,1800,0.0,7200.0,4675.58,2524.42,West Bengal,Durgapur,Debit Card,Delivered,Small Business
ORD100758,2025-05-25,CUST1097,Desk,Furniture,4,6500,0.0,26000.0,19032.47,6967.53,West Bengal,Kolkata,Cash on Delivery,Delivered,Corporate
ORD100759,2025-08-19,CUST1128,Coffee Maker,Home Appliances,3,4500,0.05,12825.0,8799.39,4025.61,Maharashtra,Mumbai,Debit Card,Returned,Small Business
ORD100760,2025-06-15,CUST1204,T-Shirt,Fashion,1,900,0.1,810.0,566.37,243.63,Tamil Nadu,Chennai,Credit Card,Cancelled,Small Business
ORD100761,2025-01-27,CUST1171,Office Chair,Furniture,1,8500,0.0,8500.0,6141.59,2358.41,Bihar,Gaya,Credit Card,Cancelled,Corporate
ORD100762,2025-07-15,CUST1155,Shoes,Fashion,1,3200,0.05,3040.0,2275.2,764.8,Bihar,Patna,Cash on Delivery,Delivered,Consumer
ORD100763,2025-09-15,CUST1253,Air Fryer,Home Appliances,5,6500,0.0,32500.0,21361.09,11138.91,Telangana,Hyderabad,Debit Card,Cancelled,Consumer
ORD100764,2025-01-23,CUST1066,Smartphone,Electronics,2,25000,0.05,47500.0,31285.26,16214.74,Rajasthan,Jodhpur,Cash on Delivery,Delivered,Small Business
ORD100765,2025-05-16,CUST1265,Mouse,Accessories,3,900,0.15,2295.0,2112.78,182.22,West Bengal,Durgapur,Debit Card,Cancelled,Consumer
ORD100766,2025-08-14,CUST1028,Mouse,Accessories,5,900,0.2,3600.0,3330.29,269.71,Tamil Nadu,Chennai,Credit Card,Delivered,Consumer
ORD100767,2025-08-28,CUST1224,Smartwatch,Electronics,4,5000,0.05,19000.0,12719.64,6280.36,Maharashtra,Mumbai,UPI,Cancelled,Consumer
ORD100768,2025-03-17,CUST1064,Desk,Furniture,4,6500,0.1,23400.0,16243.45,7156.55,Rajasthan,Jodhpur,Debit Card,Delivered,Consumer
ORD100769,2025-05-20,CUST1289,Mixer Grinder,Home Appliances,2,3800,0.2,6080.0,5410.61,669.39,Gujarat,Ahmedabad,Net Banking,Delivered,Small Business
ORD100770,2025-09-13,CUST1049,Laptop,Electronics,4,55000,0.0,220000.0,143914.02,76085.98,Telangana,Hyderabad,Debit Card,Delivered,Corporate
ORD100771,2025-02-24,CUST1166,T-Shirt,Fashion,3,900,0.15,2295.0,2171.91,123.09,Delhi,Delhi,Credit Card,Delivered,Consumer
ORD100772,2025-06-18,CUST1023,Desk,Furniture,3,6500,0.15,16575.0,14522.85,2052.15,Tamil Nadu,Coimbatore,Net Banking,Cancelled,Corporate
ORD100773,2025-05-25,CUST1166,Jeans,Fashion,2,1800,0.0,3600.0,2794.83,805.17,Bihar,Patna,UPI,Delivered,Small Business
ORD100774,2025-07-24,CUST1046,Shoes,Fashion,4,3200,0.05,12160.0,8181.28,3978.72,West Bengal,Kolkata,UPI,Delivered,Consumer
ORD100775,2025-08-10,CUST1159,Office Chair,Furniture,2,8500,0.0,17000.0,11316.56,5683.44,West Bengal,Durgapur,Net Banking,Delivered,Corporate
ORD100776,2025-07-18,CUST1244,T-Shirt,Fashion,5,900,0.0,4500.0,3184.73,1315.27,Delhi,Delhi,Debit Card,Returned,Small Business
ORD100777,2025-11-19,CUST1219,Office Chair,Furniture,3,8500,0.15,21675.0,16345.46,5329.54,Delhi,Delhi,UPI,Delivered,Small Business
ORD100778,2025-11-28,CUST1269,Mouse,Accessories,2,900,0.1,1620.0,1288.8,331.2,Tamil Nadu,Chennai,UPI,Delivered,Corporate
ORD100779,2025-12-17,CUST1154,Office Chair,Furniture,3,8500,0.0,25500.0,20821.28,4678.72,Delhi,Delhi,Credit Card,Returned,Corporate
ORD100780,2025-09-20,CUST1056,Keyboard,Accessories,5,1800,0.0,9000.0,7216.26,1783.74,Bihar,Patna,Net Banking,Cancelled,Corporate
ORD100781,2025-09-15,CUST1009,Smartphone,Electronics,3,25000,0.05,71250.0,54661.87,16588.13,Tamil Nadu,Coimbatore,UPI,Cancelled,Consumer
ORD100782,2025-12-27,CUST1153,Coffee Maker,Home Appliances,1,4500,0.0,4500.0,3112.09,1387.91,Maharashtra,Pune,Debit Card,Returned,Small Business
ORD100783,2025-02-10,CUST1133,Desk,Furniture,3,6500,0.0,19500.0,12605.48,6894.52,Tamil Nadu,Coimbatore,UPI,Cancelled,Small Business
ORD100784,2025-09-02,CUST1236,Laptop,Electronics,1,55000,0.0,55000.0,35078.0,19922.0,Uttar Pradesh,Kanpur,Cash on Delivery,Returned,Small Business
ORD100785,2025-03-11,CUST1008,Desk,Furniture,4,6500,0.05,24700.0,16101.27,8598.73,Gujarat,Surat,Credit Card,Delivered,Consumer
ORD100786,2025-11-29,CUST1124,Jeans,Fashion,2,1800,0.1,3240.0,2673.71,566.29,Karnataka,Bengaluru,Cash on Delivery,Returned,Consumer
ORD100787,2025-03-01,CUST1086,Smartphone,Electronics,2,25000,0.1,45000.0,34640.67,10359.33,Gujarat,Surat,Credit Card,Cancelled,Corporate
ORD100788,2025-10-19,CUST1201,Desk,Furniture,5,6500,0.0,32500.0,20939.57,11560.43,Uttar Pradesh,Kanpur,UPI,Delivered,Consumer
ORD100789,2025-10-11,CUST1149,Smartphone,Electronics,4,25000,0.2,80000.0,72730.55,7269.45,West Bengal,Durgapur,UPI,Cancelled,Corporate
ORD100790,2025-01-10,CUST1217,Desk,Furniture,2,6500,0.2,10400.0,7973.62,2426.38,Telangana,Warangal,Net Banking,Delivered,Small Business
ORD100791,2025-11-27,CUST1178,Smartphone,Electronics,4,25000,0.0,100000.0,70885.35,29114.65,Gujarat,Surat,Cash on Delivery,Cancelled,Consumer
ORD100792,2025-09-17,CUST1113,Headphones,Electronics,4,2500,0.05,9500.0,6963.84,2536.16,Gujarat,Ahmedabad,Net Banking,Delivered,Small Business
ORD100793,2025-08-02,CUST1185,Mixer Grinder,Home Appliances,3,3800,0.2,9120.0,8624.15,495.85,Tamil Nadu,Chennai,Cash on Delivery,Delivered,Small Business
ORD100794,2025-03-22,CUST1252,Smartwatch,Electronics,4,5000,0.0,20000.0,12762.48,7237.52,Gujarat,Ahmedabad,UPI,Cancelled,Corporate
ORD100795,2025-07-03,CUST1134,Keyboard,Accessories,5,1800,0.0,9000.0,7378.54,1621.46,Karnataka,Bengaluru,Debit Card,Delivered,Consumer
ORD100796,2025-11-13,CUST1117,Mixer Grinder,Home Appliances,1,3800,0.05,3610.0,2640.0,970.0,Telangana,Hyderabad,UPI,Returned,Consumer
ORD100797,2025-10-13,CUST1137,Desk,Furniture,3,6500,0.0,19500.0,15003.71,4496.29,Gujarat,Surat,Credit Card,Returned,Small Business
ORD100798,2025-02-26,CUST1055,T-Shirt,Fashion,4,900,0.1,3240.0,2922.42,317.58,Delhi,New Delhi,Net Banking,Returned,Consumer
ORD100799,2025-03-02,CUST1106,Mixer Grinder,Home Appliances,5,3800,0.0,19000.0,12098.25,6901.75,Telangana,Hyderabad,Debit Card,Delivered,Small Business
ORD100800,2025-06-21,CUST1071,Keyboard,Accessories,1,1800,0.0,1800.0,1336.25,463.75,Tamil Nadu,Coimbatore,UPI,Delivered,Corporate
ORD100801,2025-03-29,CUST1044,Office Chair,Furniture,4,8500,0.05,32300.0,22544.95,9755.05,Uttar Pradesh,Azamgarh,Debit Card,Delivered,Small Business
ORD100802,2025-09-29,CUST1216,Coffee Maker,Home Appliances,2,4500,0.0,9000.0,6891.35,2108.65,West Bengal,Durgapur,Credit Card,Delivered,Corporate
ORD100803,2025-01-16,CUST1227,Office Chair,Furniture,5,8500,0.2,34000.0,28882.59,5117.41,West Bengal,Durgapur,Credit Card,Delivered,Small Business
ORD100804,2025-03-26,CUST1223,Coffee Maker,Home Appliances,1,4500,0.05,4275.0,3011.66,1263.34,Telangana,Hyderabad,UPI,Cancelled,Consumer
ORD100805,2025-12-05,CUST1267,T-Shirt,Fashion,1,900,0.2,720.0,734.05,-14.05,Maharashtra,Nagpur,Debit Card,Cancelled,Corporate
ORD100806,2025-05-24,CUST1271,Air Fryer,Home Appliances,3,6500,0.05,18525.0,11733.9,6791.1,Telangana,Warangal,Net Banking,Delivered,Small Business
ORD100807,2025-11-30,CUST1227,Office Chair,Furniture,5,8500,0.15,36125.0,32870.99,3254.01,Tamil Nadu,Chennai,Debit Card,Cancelled,Consumer
ORD100808,2025-03-06,CUST1267,Air Fryer,Home Appliances,1,6500,0.15,5525.0,4378.32,1146.68,Gujarat,Ahmedabad,Net Banking,Delivered,Consumer
ORD100809,2025-03-23,CUST1012,Smartphone,Electronics,5,25000,0.05,118750.0,95818.77,22931.23,Telangana,Warangal,UPI,Returned,Small Business
ORD100810,2025-01-31,CUST1191,Keyboard,Accessories,4,1800,0.15,6120.0,4494.94,1625.06,Karnataka,Mysuru,Debit Card,Returned,Corporate
ORD100811,2025-01-03,CUST1233,Smartphone,Electronics,4,25000,0.05,95000.0,72593.58,22406.42,Uttar Pradesh,Lucknow,Debit Card,Delivered,Small Business
ORD100812,2025-10-21,CUST1072,Shoes,Fashion,3,3200,0.05,9120.0,6360.94,2759.06,Bihar,Patna,Cash on Delivery,Returned,Small Business
ORD100813,2025-07-04,CUST1233,Smartwatch,Electronics,5,5000,0.15,21250.0,16059.05,5190.95,Delhi,Delhi,UPI,Delivered,Small Business
ORD100814,2025-03-08,CUST1244,Office Chair,Furniture,1,8500,0.0,8500.0,5894.54,2605.46,West Bengal,Kolkata,Credit Card,Cancelled,Consumer
ORD100815,2025-07-22,CUST1136,Mouse,Accessories,5,900,0.15,3825.0,3213.76,611.24,Telangana,Warangal,Net Banking,Cancelled,Small Business
ORD100816,2025-03-07,CUST1249,Office Chair,Furniture,4,8500,0.0,34000.0,21479.71,12520.29,Tamil Nadu,Coimbatore,Cash on Delivery,Delivered,Small Business
ORD100817,2025-03-22,CUST1287,Backpack,Bags,2,1800,0.1,3240.0,2534.9,705.1,Telangana,Hyderabad,Debit Card,Delivered,Small Business
ORD100818,2025-01-21,CUST1268,Mixer Grinder,Home Appliances,1,3800,0.05,3610.0,2758.0,852.0,West Bengal,Kolkata,Credit Card,Delivered,Corporate
ORD100819,2025-03-15,CUST1073,Keyboard,Accessories,3,1800,0.1,4860.0,3273.24,1586.76,Rajasthan,Jodhpur,Net Banking,Cancelled,Consumer
ORD100820,2025-09-08,CUST1002,Air Fryer,Home Appliances,2,6500,0.0,13000.0,10142.7,2857.3,Gujarat,Surat,UPI,Returned,Corporate
ORD100821,2025-08-20,CUST1173,Smartphone,Electronics,4,25000,0.15,85000.0,66813.44,18186.56,Uttar Pradesh,Kanpur,Cash on Delivery,Cancelled,Small Business
ORD100822,2025-08-19,CUST1230,Mixer Grinder,Home Appliances,2,3800,0.15,6460.0,5624.16,835.84,Bihar,Patna,Credit Card,Delivered,Consumer
ORD100823,2025-06-23,CUST1277,Coffee Maker,Home Appliances,4,4500,0.0,18000.0,14364.97,3635.03,Bihar,Gaya,UPI,Cancelled,Small Business
ORD100824,2025-12-29,CUST1159,Keyboard,Accessories,1,1800,0.15,1530.0,1329.52,200.48,Delhi,New Delhi,Net Banking,Delivered,Small Business
ORD100825,2025-01-28,CUST1292,Backpack,Bags,5,1800,0.15,7650.0,6542.17,1107.83,Delhi,New Delhi,Net Banking,Delivered,Corporate
ORD100826,2025-05-21,CUST1106,Backpack,Bags,5,1800,0.0,9000.0,7305.51,1694.49,Uttar Pradesh,Lucknow,Credit Card,Returned,Corporate
ORD100827,2025-01-12,CUST1175,Smartphone,Electronics,4,25000,0.15,85000.0,60989.64,24010.36,Telangana,Warangal,Cash on Delivery,Delivered,Corporate
ORD100828,2025-02-20,CUST1278,Laptop,Electronics,4,55000,0.05,209000.0,136405.61,72594.39,Telangana,Warangal,Credit Card,Delivered,Consumer
ORD100829,2025-12-14,CUST1087,Headphones,Electronics,2,2500,0.05,4750.0,4047.38,702.62,Gujarat,Ahmedabad,UPI,Returned,Corporate
ORD100830,2025-03-14,CUST1212,Headphones,Electronics,3,2500,0.1,6750.0,4662.93,2087.07,Uttar Pradesh,Lucknow,Debit Card,Delivered,Corporate
ORD100831,2025-10-28,CUST1122,Mixer Grinder,Home Appliances,2,3800,0.0,7600.0,5817.57,1782.43,Delhi,New Delhi,Cash on Delivery,Returned,Small Business
ORD100832,2025-07-28,CUST1034,Office Chair,Furniture,1,8500,0.05,8075.0,5969.22,2105.78,Delhi,Delhi,Cash on Delivery,Delivered,Corporate
ORD100833,2025-12-12,CUST1052,T-Shirt,Fashion,3,900,0.15,2295.0,2192.3,102.7,Karnataka,Bengaluru,Credit Card,Returned,Small Business
ORD100834,2025-11-22,CUST1257,Coffee Maker,Home Appliances,5,4500,0.1,20250.0,15707.61,4542.39,Maharashtra,Pune,Credit Card,Delivered,Corporate
ORD100835,2025-10-12,CUST1232,Backpack,Bags,5,1800,0.1,8100.0,7303.48,796.52,Maharashtra,Mumbai,UPI,Delivered,Corporate
ORD100836,2025-09-04,CUST1140,Mixer Grinder,Home Appliances,2,3800,0.0,7600.0,4660.61,2939.39,Bihar,Gaya,Net Banking,Delivered,Small Business
ORD100837,2025-03-24,CUST1274,Office Chair,Furniture,5,8500,0.15,36125.0,28130.26,7994.74,Rajasthan,Jaipur,Net Banking,Delivered,Corporate
ORD100838,2025-05-24,CUST1222,Smartphone,Electronics,2,25000,0.2,40000.0,36121.27,3878.73,West Bengal,Kolkata,Credit Card,Returned,Small Business
ORD100839,2025-05-06,CUST1165,Coffee Maker,Home Appliances,3,4500,0.2,10800.0,9444.57,1355.43,Rajasthan,Jodhpur,Debit Card,Delivered,Corporate
ORD100840,2025-11-08,CUST1244,Shoes,Fashion,2,3200,0.2,5120.0,5138.54,-18.54,Rajasthan,Jaipur,UPI,Delivered,Small Business
ORD100841,2025-11-29,CUST1040,Headphones,Electronics,4,2500,0.15,8500.0,6178.53,2321.47,West Bengal,Durgapur,Net Banking,Delivered,Small Business
ORD100842,2025-04-01,CUST1005,Desk,Furniture,4,6500,0.15,22100.0,17647.56,4452.44,Delhi,Delhi,UPI,Cancelled,Corporate
ORD100843,2025-05-24,CUST1184,Air Fryer,Home Appliances,1,6500,0.0,6500.0,4962.7,1537.3,Karnataka,Mysuru,Credit Card,Delivered,Small Business
ORD100844,2025-01-19,CUST1144,T-Shirt,Fashion,2,900,0.1,1620.0,1463.05,156.95,Gujarat,Ahmedabad,Cash on Delivery,Returned,Consumer
ORD100845,2025-09-10,CUST1088,Laptop,Electronics,1,55000,0.05,52250.0,39886.14,12363.86,Karnataka,Mysuru,Net Banking,Delivered,Small Business
ORD100846,2025-02-03,CUST1066,Jeans,Fashion,1,1800,0.15,1530.0,1130.79,399.21,Bihar,Patna,Debit Card,Returned,Consumer
ORD100847,2025-12-21,CUST1273,Air Fryer,Home Appliances,2,6500,0.2,10400.0,7866.12,2533.88,Telangana,Warangal,Net Banking,Delivered,Small Business
ORD100848,2025-11-29,CUST1027,Backpack,Bags,4,1800,0.2,5760.0,5386.19,373.81,Tamil Nadu,Chennai,Debit Card,Cancelled,Corporate
ORD100849,2025-01-23,CUST1115,Keyboard,Accessories,4,1800,0.05,6840.0,5139.33,1700.67,Delhi,Delhi,UPI,Delivered,Corporate
ORD100850,2025-02-11,CUST1293,Backpack,Bags,1,1800,0.1,1620.0,1157.06,462.94,Tamil Nadu,Coimbatore,UPI,Delivered,Small Business
ORD100851,2025-02-02,CUST1050,Office Chair,Furniture,2,8500,0.0,17000.0,11431.3,5568.7,Delhi,New Delhi,UPI,Cancelled,Corporate
ORD100852,2025-05-03,CUST1175,Coffee Maker,Home Appliances,3,4500,0.0,13500.0,8420.29,5079.71,Uttar Pradesh,Varanasi,UPI,Delivered,Small Business
ORD100853,2025-02-18,CUST1229,Coffee Maker,Home Appliances,5,4500,0.15,19125.0,15670.72,3454.28,Karnataka,Bengaluru,Net Banking,Delivered,Consumer
ORD100854,2025-03-07,CUST1032,Laptop,Electronics,3,55000,0.2,132000.0,101360.52,30639.48,Uttar Pradesh,Kanpur,Cash on Delivery,Delivered,Corporate
ORD100855,2025-01-27,CUST1151,Shoes,Fashion,1,3200,0.2,2560.0,1959.28,600.72,West Bengal,Kolkata,Cash on Delivery,Cancelled,Consumer
ORD100856,2025-08-21,CUST1197,Shoes,Fashion,5,3200,0.2,12800.0,11796.51,1003.49,West Bengal,Kolkata,Cash on Delivery,Cancelled,Small Business
ORD100857,2025-10-28,CUST1099,Shoes,Fashion,1,3200,0.1,2880.0,2284.12,595.88,Delhi,Delhi,UPI,Delivered,Consumer
ORD100858,2025-05-12,CUST1182,Shoes,Fashion,5,3200,0.0,16000.0,11843.52,4156.48,Delhi,New Delhi,Cash on Delivery,Cancelled,Small Business
ORD100859,2025-01-31,CUST1066,Shoes,Fashion,2,3200,0.0,6400.0,4962.21,1437.79,Tamil Nadu,Chennai,Debit Card,Returned,Corporate
ORD100860,2025-03-17,CUST1241,Backpack,Bags,5,1800,0.15,7650.0,6935.48,714.52,Rajasthan,Jodhpur,Debit Card,Returned,Corporate
ORD100861,2025-03-16,CUST1030,Keyboard,Accessories,5,1800,0.15,7650.0,6702.2,947.8,Rajasthan,Jaipur,Credit Card,Returned,Small Business
ORD100862,2025-11-24,CUST1104,Mixer Grinder,Home Appliances,3,3800,0.0,11400.0,9289.09,2110.91,Uttar Pradesh,Kanpur,UPI,Delivered,Consumer
ORD100863,2025-10-24,CUST1290,T-Shirt,Fashion,5,900,0.2,3600.0,3027.83,572.17,Tamil Nadu,Coimbatore,Debit Card,Returned,Corporate
ORD100864,2025-01-22,CUST1254,Office Chair,Furniture,1,8500,0.1,7650.0,6738.32,911.68,Rajasthan,Jaipur,Credit Card,Delivered,Small Business
ORD100865,2025-06-19,CUST1193,Smartwatch,Electronics,5,5000,0.0,25000.0,16314.6,8685.4,Karnataka,Mysuru,Credit Card,Cancelled,Consumer
ORD100866,2025-10-12,CUST1059,Mixer Grinder,Home Appliances,1,3800,0.0,3800.0,2579.19,1220.81,Uttar Pradesh,Varanasi,Credit Card,Delivered,Corporate
ORD100867,2025-05-26,CUST1090,Smartwatch,Electronics,1,5000,0.0,5000.0,3219.04,1780.96,Bihar,Gaya,Credit Card,Delivered,Small Business
ORD100868,2025-05-15,CUST1052,Headphones,Electronics,2,2500,0.0,5000.0,3023.64,1976.36,Rajasthan,Jaipur,UPI,Delivered,Corporate
ORD100869,2025-07-09,CUST1191,T-Shirt,Fashion,2,900,0.05,1710.0,1260.66,449.34,Delhi,Delhi,Credit Card,Returned,Small Business
ORD100870,2025-03-08,CUST1098,Air Fryer,Home Appliances,1,6500,0.0,6500.0,5162.29,1337.71,West Bengal,Kolkata,Credit Card,Returned,Corporate
ORD100871,2025-05-06,CUST1024,Jeans,Fashion,5,1800,0.1,8100.0,7334.42,765.58,Rajasthan,Jodhpur,Net Banking,Returned,Consumer
ORD100872,2025-11-19,CUST1144,Mixer Grinder,Home Appliances,2,3800,0.05,7220.0,4973.27,2246.73,Telangana,Warangal,Credit Card,Returned,Small Business
ORD100873,2025-11-11,CUST1034,Air Fryer,Home Appliances,1,6500,0.1,5850.0,5031.13,818.87,Tamil Nadu,Chennai,Credit Card,Returned,Corporate
ORD100874,2025-06-14,CUST1192,Coffee Maker,Home Appliances,4,4500,0.15,15300.0,12638.5,2661.5,Telangana,Warangal,Net Banking,Cancelled,Small Business
ORD100875,2025-10-26,CUST1019,Desk,Furniture,5,6500,0.1,29250.0,24062.46,5187.54,Tamil Nadu,Coimbatore,Credit Card,Delivered,Consumer
ORD100876,2025-07-13,CUST1293,Desk,Furniture,2,6500,0.05,12350.0,9015.57,3334.43,Karnataka,Mysuru,Credit Card,Delivered,Corporate
ORD100877,2025-06-30,CUST1118,Backpack,Bags,1,1800,0.05,1710.0,1256.02,453.98,Delhi,New Delhi,Net Banking,Delivered,Corporate
ORD100878,2025-07-29,CUST1189,Backpack,Bags,4,1800,0.1,6480.0,5060.6,1419.4,Bihar,Gaya,Cash on Delivery,Delivered,Corporate
ORD100879,2025-02-08,CUST1184,Office Chair,Furniture,4,8500,0.0,34000.0,22386.87,11613.13,Uttar Pradesh,Azamgarh,UPI,Delivered,Small Business
ORD100880,2025-02-06,CUST1185,Backpack,Bags,3,1800,0.0,5400.0,3356.91,2043.09,Telangana,Hyderabad,UPI,Returned,Consumer
ORD100881,2025-12-16,CUST1141,Mouse,Accessories,3,900,0.05,2565.0,2062.66,502.34,Karnataka,Mysuru,Credit Card,Returned,Consumer
ORD100882,2025-06-27,CUST1207,Mixer Grinder,Home Appliances,1,3800,0.05,3610.0,2515.62,1094.38,Telangana,Warangal,Cash on Delivery,Returned,Small Business
ORD100883,2025-04-18,CUST1243,Laptop,Electronics,4,55000,0.0,220000.0,142983.23,77016.77,Tamil Nadu,Chennai,Credit Card,Returned,Small Business
ORD100884,2025-06-10,CUST1097,Coffee Maker,Home Appliances,4,4500,0.05,17100.0,13935.98,3164.02,Telangana,Warangal,Cash on Delivery,Cancelled,Consumer
ORD100885,2025-03-07,CUST1157,Desk,Furniture,3,6500,0.0,19500.0,14177.51,5322.49,Tamil Nadu,Chennai,UPI,Cancelled,Small Business
ORD100886,2025-07-26,CUST1276,Mixer Grinder,Home Appliances,2,3800,0.1,6840.0,5271.8,1568.2,Rajasthan,Jodhpur,Debit Card,Delivered,Small Business
ORD100887,2025-06-19,CUST1291,Laptop,Electronics,2,55000,0.0,110000.0,89649.29,20350.71,Bihar,Patna,Net Banking,Returned,Small Business
ORD100888,2025-07-17,CUST1097,Mixer Grinder,Home Appliances,2,3800,0.1,6840.0,4666.52,2173.48,West Bengal,Durgapur,Cash on Delivery,Delivered,Corporate
ORD100889,2025-10-11,CUST1091,Shoes,Fashion,1,3200,0.0,3200.0,1993.44,1206.56,Tamil Nadu,Coimbatore,UPI,Returned,Corporate
ORD100890,2025-04-30,CUST1150,Laptop,Electronics,1,55000,0.1,49500.0,36434.19,13065.81,Maharashtra,Mumbai,Net Banking,Delivered,Corporate
ORD100891,2025-07-30,CUST1201,Laptop,Electronics,2,55000,0.05,104500.0,86804.92,17695.08,Rajasthan,Jaipur,Credit Card,Delivered,Consumer
ORD100892,2025-04-16,CUST1067,Backpack,Bags,1,1800,0.1,1620.0,1458.22,161.78,West Bengal,Durgapur,Credit Card,Delivered,Corporate
ORD100893,2025-10-28,CUST1104,Mixer Grinder,Home Appliances,5,3800,0.15,16150.0,15325.66,824.34,Tamil Nadu,Chennai,Net Banking,Cancelled,Corporate
ORD100894,2025-11-06,CUST1127,Smartwatch,Electronics,4,5000,0.0,20000.0,15628.16,4371.84,Uttar Pradesh,Azamgarh,Net Banking,Delivered,Small Business
ORD100895,2025-02-16,CUST1148,Air Fryer,Home Appliances,4,6500,0.15,22100.0,15823.56,6276.44,Tamil Nadu,Coimbatore,Cash on Delivery,Delivered,Small Business
ORD100896,2025-04-02,CUST1222,Mixer Grinder,Home Appliances,5,3800,0.0,19000.0,13134.92,5865.08,Gujarat,Surat,Cash on Delivery,Cancelled,Small Business
ORD100897,2025-05-03,CUST1081,Headphones,Electronics,4,2500,0.2,8000.0,8080.51,-80.51,Bihar,Patna,Debit Card,Returned,Corporate
ORD100898,2025-10-11,CUST1063,T-Shirt,Fashion,4,900,0.1,3240.0,2945.97,294.03,Delhi,New Delhi,Debit Card,Delivered,Consumer
ORD100899,2025-09-17,CUST1023,Backpack,Bags,4,1800,0.0,7200.0,4720.38,2479.62,Rajasthan,Jodhpur,Cash on Delivery,Delivered,Consumer
ORD100900,2025-04-10,CUST1204,T-Shirt,Fashion,3,900,0.2,2160.0,1857.21,302.79,Tamil Nadu,Coimbatore,UPI,Delivered,Corporate
ORD100901,2025-02-12,CUST1281,Smartphone,Electronics,4,25000,0.1,90000.0,70149.85,19850.15,Maharashtra,Pune,Credit Card,Cancelled,Consumer
ORD100902,2025-04-01,CUST1151,Desk,Furniture,2,6500,0.0,13000.0,9535.99,3464.01,Gujarat,Ahmedabad,UPI,Returned,Small Business
ORD100903,2025-08-14,CUST1184,Office Chair,Furniture,1,8500,0.2,6800.0,5610.98,1189.02,Maharashtra,Mumbai,Credit Card,Delivered,Small Business
ORD100904,2025-11-22,CUST1268,Laptop,Electronics,4,55000,0.2,176000.0,134311.39,41688.61,Telangana,Hyderabad,UPI,Cancelled,Small Business
ORD100905,2025-07-13,CUST1104,Keyboard,Accessories,5,1800,0.0,9000.0,5496.36,3503.64,Tamil Nadu,Chennai,Credit Card,Delivered,Consumer
ORD100906,2025-06-22,CUST1099,Smartwatch,Electronics,4,5000,0.0,20000.0,16352.88,3647.12,Delhi,New Delhi,UPI,Delivered,Consumer
ORD100907,2025-02-25,CUST1168,Coffee Maker,Home Appliances,2,4500,0.0,9000.0,6223.05,2776.95,Maharashtra,Nagpur,Debit Card,Returned,Small Business
ORD100908,2025-03-03,CUST1119,Smartwatch,Electronics,5,5000,0.1,22500.0,20164.08,2335.92,Bihar,Patna,Credit Card,Delivered,Corporate
ORD100909,2025-07-19,CUST1109,Mouse,Accessories,4,900,0.2,2880.0,2410.46,469.54,Maharashtra,Mumbai,Cash on Delivery,Delivered,Consumer
ORD100910,2025-07-30,CUST1155,T-Shirt,Fashion,1,900,0.0,900.0,715.32,184.68,Gujarat,Surat,Net Banking,Cancelled,Consumer
ORD100911,2025-11-20,CUST1199,Jeans,Fashion,3,1800,0.0,5400.0,3952.64,1447.36,Telangana,Hyderabad,Credit Card,Delivered,Consumer
ORD100912,2025-10-27,CUST1230,T-Shirt,Fashion,1,900,0.05,855.0,543.49,311.51,Rajasthan,Jodhpur,Cash on Delivery,Returned,Small Business
ORD100913,2025-03-05,CUST1159,Jeans,Fashion,2,1800,0.0,3600.0,2648.15,951.85,Karnataka,Bengaluru,Credit Card,Cancelled,Consumer
ORD100914,2025-04-14,CUST1078,Shoes,Fashion,2,3200,0.05,6080.0,4542.21,1537.79,Delhi,New Delhi,Cash on Delivery,Delivered,Small Business
ORD100915,2025-11-26,CUST1021,Laptop,Electronics,3,55000,0.0,165000.0,109095.99,55904.01,Karnataka,Mysuru,Net Banking,Cancelled,Small Business
ORD100916,2025-05-05,CUST1106,Mixer Grinder,Home Appliances,2,3800,0.2,6080.0,5113.88,966.12,Gujarat,Ahmedabad,Net Banking,Delivered,Small Business
ORD100917,2025-11-19,CUST1004,Smartwatch,Electronics,5,5000,0.05,23750.0,16009.5,7740.5,Karnataka,Mysuru,UPI,Cancelled,Consumer
ORD100918,2025-10-31,CUST1282,Smartwatch,Electronics,2,5000,0.0,10000.0,6201.87,3798.13,Uttar Pradesh,Azamgarh,Credit Card,Delivered,Small Business
ORD100919,2025-05-06,CUST1218,Smartphone,Electronics,3,25000,0.0,75000.0,56907.62,18092.38,West Bengal,Durgapur,Credit Card,Returned,Consumer
ORD100920,2025-09-04,CUST1041,Keyboard,Accessories,2,1800,0.05,3420.0,2843.04,576.96,Gujarat,Surat,Debit Card,Cancelled,Corporate
ORD100921,2025-08-10,CUST1080,Headphones,Electronics,4,2500,0.15,8500.0,7340.67,1159.33,Tamil Nadu,Coimbatore,Cash on Delivery,Delivered,Corporate
ORD100922,2025-03-31,CUST1132,Office Chair,Furniture,5,8500,0.15,36125.0,26928.67,9196.33,Delhi,Delhi,Cash on Delivery,Cancelled,Corporate
ORD100923,2025-06-20,CUST1070,Desk,Furniture,5,6500,0.15,27625.0,22938.04,4686.96,Gujarat,Surat,Cash on Delivery,Delivered,Consumer
ORD100924,2025-07-11,CUST1252,Air Fryer,Home Appliances,1,6500,0.15,5525.0,4944.43,580.57,Karnataka,Bengaluru,Cash on Delivery,Cancelled,Corporate
ORD100925,2025-10-29,CUST1037,Jeans,Fashion,4,1800,0.05,6840.0,5335.42,1504.58,Rajasthan,Jodhpur,Cash on Delivery,Delivered,Consumer
ORD100926,2025-06-28,CUST1261,Office Chair,Furniture,2,8500,0.1,15300.0,13779.54,1520.46,Bihar,Patna,Cash on Delivery,Delivered,Small Business
ORD100927,2025-07-05,CUST1015,Laptop,Electronics,2,55000,0.0,110000.0,77560.96,32439.04,West Bengal,Durgapur,Credit Card,Delivered,Small Business
ORD100928,2025-12-06,CUST1083,Desk,Furniture,2,6500,0.15,11050.0,9454.06,1595.94,Maharashtra,Pune,UPI,Delivered,Consumer
ORD100929,2025-04-07,CUST1217,T-Shirt,Fashion,5,900,0.0,4500.0,3213.35,1286.65,West Bengal,Durgapur,Credit Card,Cancelled,Corporate
ORD100930,2025-02-15,CUST1056,Jeans,Fashion,5,1800,0.05,8550.0,6853.19,1696.81,Gujarat,Surat,Net Banking,Delivered,Consumer
ORD100931,2025-09-09,CUST1001,Keyboard,Accessories,3,1800,0.0,5400.0,4412.59,987.41,Karnataka,Mysuru,UPI,Delivered,Small Business
ORD100932,2025-04-01,CUST1192,Office Chair,Furniture,3,8500,0.2,20400.0,17717.63,2682.37,Telangana,Warangal,Credit Card,Delivered,Consumer
ORD100933,2025-04-19,CUST1096,Desk,Furniture,1,6500,0.1,5850.0,4710.94,1139.06,Maharashtra,Nagpur,Credit Card,Delivered,Small Business
ORD100934,2025-11-16,CUST1056,Headphones,Electronics,4,2500,0.1,9000.0,7379.04,1620.96,Karnataka,Mysuru,Credit Card,Delivered,Corporate
ORD100935,2025-10-27,CUST1121,Smartphone,Electronics,3,25000,0.0,75000.0,50645.51,24354.49,West Bengal,Kolkata,Cash on Delivery,Cancelled,Small Business
ORD100936,2025-01-04,CUST1299,Coffee Maker,Home Appliances,1,4500,0.05,4275.0,3444.28,830.72,Delhi,New Delhi,UPI,Delivered,Consumer
ORD100937,2025-05-17,CUST1249,Backpack,Bags,5,1800,0.15,7650.0,7354.06,295.94,Uttar Pradesh,Kanpur,Cash on Delivery,Delivered,Small Business
ORD100938,2025-07-04,CUST1205,Office Chair,Furniture,3,8500,0.05,24225.0,19882.51,4342.49,Rajasthan,Jodhpur,Cash on Delivery,Returned,Consumer
ORD100939,2025-07-25,CUST1072,Mouse,Accessories,1,900,0.1,810.0,712.37,97.63,Rajasthan,Jaipur,UPI,Returned,Consumer
ORD100940,2025-12-18,CUST1244,Mixer Grinder,Home Appliances,2,3800,0.05,7220.0,5315.61,1904.39,Telangana,Warangal,Net Banking,Cancelled,Small Business
ORD100941,2025-01-24,CUST1167,Smartwatch,Electronics,1,5000,0.2,4000.0,3396.23,603.77,Uttar Pradesh,Varanasi,Cash on Delivery,Delivered,Small Business
ORD100942,2025-09-01,CUST1052,Desk,Furniture,3,6500,0.1,17550.0,15728.67,1821.33,West Bengal,Kolkata,Cash on Delivery,Delivered,Small Business
ORD100943,2025-03-07,CUST1255,Smartwatch,Electronics,5,5000,0.2,20000.0,17775.5,2224.5,Maharashtra,Nagpur,UPI,Delivered,Small Business
ORD100944,2025-10-04,CUST1124,Backpack,Bags,4,1800,0.0,7200.0,5083.75,2116.25,Tamil Nadu,Chennai,Credit Card,Delivered,Consumer
ORD100945,2025-06-17,CUST1197,Coffee Maker,Home Appliances,4,4500,0.2,14400.0,10915.72,3484.28,Delhi,New Delhi,Debit Card,Delivered,Small Business
ORD100946,2025-09-09,CUST1047,Keyboard,Accessories,2,1800,0.15,3060.0,2661.77,398.23,Tamil Nadu,Chennai,Debit Card,Delivered,Small Business
ORD100947,2025-07-15,CUST1288,Coffee Maker,Home Appliances,3,4500,0.1,12150.0,10803.2,1346.8,Bihar,Patna,Cash on Delivery,Delivered,Consumer
ORD100948,2025-10-31,CUST1097,Keyboard,Accessories,1,1800,0.0,1800.0,1115.3,684.7,Delhi,Delhi,UPI,Returned,Corporate
ORD100949,2025-02-01,CUST1275,Headphones,Electronics,5,2500,0.2,10000.0,7504.62,2495.38,Rajasthan,Jodhpur,Credit Card,Cancelled,Corporate
ORD100950,2025-04-24,CUST1055,Mouse,Accessories,5,900,0.2,3600.0,3295.6,304.4,Rajasthan,Jaipur,Cash on Delivery,Delivered,Small Business
ORD100951,2025-09-13,CUST1234,Mixer Grinder,Home Appliances,2,3800,0.05,7220.0,5959.83,1260.17,Tamil Nadu,Coimbatore,Credit Card,Returned,Corporate
ORD100952,2025-03-05,CUST1141,Headphones,Electronics,3,2500,0.15,6375.0,6134.05,240.95,Uttar Pradesh,Varanasi,Net Banking,Cancelled,Small Business
ORD100953,2025-01-31,CUST1171,Mixer Grinder,Home Appliances,3,3800,0.2,9120.0,9263.97,-143.97,Karnataka,Mysuru,Credit Card,Delivered,Small Business
ORD100954,2025-06-03,CUST1082,Air Fryer,Home Appliances,2,6500,0.1,11700.0,9880.35,1819.65,Karnataka,Bengaluru,UPI,Returned,Corporate
ORD100955,2025-09-28,CUST1145,Mouse,Accessories,3,900,0.1,2430.0,1852.29,577.71,West Bengal,Durgapur,Debit Card,Delivered,Small Business
ORD100956,2025-10-25,CUST1028,Mixer Grinder,Home Appliances,1,3800,0.0,3800.0,2550.38,1249.62,Telangana,Warangal,Debit Card,Cancelled,Small Business
ORD100957,2025-03-16,CUST1108,Headphones,Electronics,4,2500,0.2,8000.0,7061.37,938.63,Bihar,Patna,Credit Card,Delivered,Small Business
ORD100958,2025-03-17,CUST1193,T-Shirt,Fashion,5,900,0.0,4500.0,3371.53,1128.47,Uttar Pradesh,Varanasi,Cash on Delivery,Delivered,Consumer
ORD100959,2025-09-21,CUST1174,Smartphone,Electronics,2,25000,0.0,50000.0,31290.82,18709.18,Rajasthan,Jodhpur,Net Banking,Cancelled,Consumer
ORD100960,2025-09-08,CUST1155,T-Shirt,Fashion,1,900,0.0,900.0,587.69,312.31,West Bengal,Kolkata,Net Banking,Delivered,Small Business
ORD100961,2025-11-20,CUST1228,Jeans,Fashion,4,1800,0.2,5760.0,4925.25,834.75,West Bengal,Kolkata,Debit Card,Delivered,Consumer
ORD100962,2025-09-18,CUST1116,Smartphone,Electronics,4,25000,0.2,80000.0,74713.43,5286.57,Delhi,New Delhi,UPI,Returned,Small Business
ORD100963,2025-09-05,CUST1223,Shoes,Fashion,1,3200,0.15,2720.0,2047.49,672.51,Tamil Nadu,Coimbatore,Debit Card,Returned,Consumer
ORD100964,2025-12-25,CUST1011,Smartphone,Electronics,5,25000,0.0,125000.0,86146.59,38853.41,Rajasthan,Jaipur,Cash on Delivery,Returned,Small Business
ORD100965,2025-10-03,CUST1064,Coffee Maker,Home Appliances,1,4500,0.15,3825.0,3528.77,296.23,Telangana,Warangal,Credit Card,Delivered,Consumer
ORD100966,2025-06-10,CUST1063,Mixer Grinder,Home Appliances,1,3800,0.15,3230.0,2653.89,576.11,Bihar,Patna,UPI,Delivered,Small Business
ORD100967,2025-01-18,CUST1044,Smartwatch,Electronics,5,5000,0.05,23750.0,19682.98,4067.02,Maharashtra,Mumbai,UPI,Returned,Corporate
ORD100968,2025-06-03,CUST1024,Mouse,Accessories,4,900,0.2,2880.0,2160.07,719.93,Telangana,Hyderabad,Net Banking,Delivered,Small Business
ORD100969,2025-09-25,CUST1181,Backpack,Bags,5,1800,0.1,8100.0,6776.3,1323.7,Tamil Nadu,Chennai,Net Banking,Returned,Small Business
ORD100970,2025-06-03,CUST1111,Smartwatch,Electronics,2,5000,0.0,10000.0,6413.76,3586.24,Delhi,New Delhi,Credit Card,Returned,Small Business
ORD100971,2025-08-05,CUST1039,Smartwatch,Electronics,3,5000,0.0,15000.0,11406.04,3593.96,Bihar,Gaya,Net Banking,Delivered,Corporate
ORD100972,2025-12-13,CUST1218,Office Chair,Furniture,4,8500,0.0,34000.0,27466.66,6533.34,Maharashtra,Pune,Credit Card,Returned,Consumer
ORD100973,2025-09-19,CUST1084,Smartphone,Electronics,3,25000,0.15,63750.0,55845.75,7904.25,Gujarat,Ahmedabad,Cash on Delivery,Delivered,Corporate
ORD100974,2025-05-19,CUST1064,Coffee Maker,Home Appliances,1,4500,0.15,3825.0,2945.02,879.98,West Bengal,Durgapur,Net Banking,Delivered,Small Business
ORD100975,2025-06-20,CUST1140,Backpack,Bags,3,1800,0.2,4320.0,3345.7,974.3,West Bengal,Kolkata,Credit Card,Delivered,Corporate
ORD100976,2025-03-05,CUST1090,Laptop,Electronics,2,55000,0.1,99000.0,89033.15,9966.85,Delhi,Delhi,Net Banking,Delivered,Small Business
ORD100977,2025-05-25,CUST1283,Mixer Grinder,Home Appliances,5,3800,0.05,18050.0,14327.9,3722.1,Tamil Nadu,Chennai,Debit Card,Returned,Consumer
ORD100978,2025-12-14,CUST1273,Air Fryer,Home Appliances,3,6500,0.1,17550.0,12475.08,5074.92,Uttar Pradesh,Azamgarh,Net Banking,Returned,Corporate
ORD100979,2025-03-21,CUST1065,Desk,Furniture,3,6500,0.0,19500.0,14645.76,4854.24,Bihar,Patna,Credit Card,Cancelled,Small Business
ORD100980,2025-12-14,CUST1215,Jeans,Fashion,3,1800,0.2,4320.0,4163.7,156.3,Gujarat,Ahmedabad,Cash on Delivery,Delivered,Corporate
ORD100981,2025-04-28,CUST1157,Mouse,Accessories,3,900,0.1,2430.0,1929.23,500.77,Tamil Nadu,Coimbatore,UPI,Delivered,Corporate
ORD100982,2025-02-17,CUST1085,Coffee Maker,Home Appliances,1,4500,0.0,4500.0,3422.65,1077.35,Rajasthan,Jaipur,Net Banking,Delivered,Consumer
ORD100983,2025-03-11,CUST1246,Jeans,Fashion,1,1800,0.1,1620.0,1348.11,271.89,Gujarat,Surat,Cash on Delivery,Returned,Small Business
ORD100984,2025-01-04,CUST1218,T-Shirt,Fashion,4,900,0.0,3600.0,2648.1,951.9,Telangana,Hyderabad,Net Banking,Delivered,Consumer
ORD100985,2025-12-12,CUST1269,Jeans,Fashion,5,1800,0.1,8100.0,7310.0,790.0,Telangana,Hyderabad,Credit Card,Delivered,Consumer
ORD100986,2025-07-14,CUST1088,Mouse,Accessories,3,900,0.0,2700.0,1871.1,828.9,Maharashtra,Nagpur,Debit Card,Delivered,Corporate
ORD100987,2025-05-16,CUST1110,Air Fryer,Home Appliances,3,6500,0.05,18525.0,13772.6,4752.4,Karnataka,Bengaluru,UPI,Returned,Corporate
ORD100988,2025-01-30,CUST1183,Smartwatch,Electronics,4,5000,0.15,17000.0,15732.75,1267.25,Gujarat,Ahmedabad,UPI,Returned,Corporate
ORD100989,2025-04-06,CUST1206,Mouse,Accessories,1,900,0.0,900.0,609.24,290.76,Gujarat,Surat,Debit Card,Delivered,Consumer
ORD100990,2025-03-20,CUST1211,Office Chair,Furniture,1,8500,0.15,7225.0,6061.78,1163.22,Tamil Nadu,Chennai,UPI,Cancelled,Consumer
ORD100991,2025-07-06,CUST1220,Headphones,Electronics,4,2500,0.1,9000.0,6823.48,2176.52,Gujarat,Ahmedabad,Credit Card,Returned,Corporate
ORD100992,2025-08-11,CUST1003,Smartphone,Electronics,2,25000,0.0,50000.0,33891.12,16108.88,Tamil Nadu,Coimbatore,Debit Card,Delivered,Consumer
ORD100993,2025-06-19,CUST1017,Smartwatch,Electronics,2,5000,0.1,9000.0,6926.32,2073.68,Gujarat,Ahmedabad,Credit Card,Delivered,Corporate
ORD100994,2025-12-16,CUST1066,T-Shirt,Fashion,4,900,0.1,3240.0,2595.7,644.3,Gujarat,Ahmedabad,Debit Card,Cancelled,Small Business
ORD100995,2025-03-06,CUST1080,Jeans,Fashion,1,1800,0.0,1800.0,1393.91,406.09,West Bengal,Kolkata,Debit Card,Returned,Consumer
ORD100996,2025-01-05,CUST1223,Coffee Maker,Home Appliances,3,4500,0.1,12150.0,11000.02,1149.98,Karnataka,Bengaluru,Cash on Delivery,Delivered,Corporate
ORD100997,2025-09-19,CUST1096,Desk,Furniture,2,6500,0.15,11050.0,8236.14,2813.86,Delhi,Delhi,Credit Card,Delivered,Consumer
ORD100998,2025-02-22,CUST1258,Mixer Grinder,Home Appliances,4,3800,0.0,15200.0,10704.7,4495.3,Gujarat,Ahmedabad,Net Banking,Delivered,Consumer
ORD100999,2025-01-20,CUST1141,Mixer Grinder,Home Appliances,2,3800,0.0,7600.0,4781.2,2818.8,Bihar,Patna,Credit Card,Delivered,Corporate
ORD101000,2025-09-26,CUST1157,Laptop,Electronics,1,55000,0.0,55000.0,37602.27,17397.73,Bihar,Patna,Credit Card,Delivered,Corporate
